person_age,person_gender,person_education,person_income,person_emp_exp,person_home_ownership,loan_amnt,loan_intent,loan_int_rate,loan_percent_income,cb_person_cred_hist_length,credit_score,previous_loan_defaults_on_file,loan_status
22,female,Master,71948,0,RENT,35000,PERSONAL,16.02,0.49,3,561,No,1
21,female,High School,12282,0,OWN,1000,EDUCATION,11.14,0.08,2,504,Yes,0
25,female,High School,12438,3,MORTGAGE,5500,MEDICAL,12.87,0.44,3,635,No,1
23,female,Bachelor,79753,0,RENT,35000,MEDICAL,15.23,0.44,2,675,No,1
24,male,Master,66135,1,RENT,35000,MEDICAL,14.27,0.53,4,586,No,1
21,female,High School,12951,0,OWN,2500,VENTURE,7.14,0.19,2,532,No,1
26,female,Bachelor,93471,1,RENT,35000,EDUCATION,12.42,0.37,3,701,No,1
24,female,High School,95550,5,RENT,35000,MEDICAL,11.11,0.37,4,585,No,1
24,female,Associate,100684,3,RENT,35000,PERSONAL,8.9,0.35,2,544,No,1
21,female,High School,12739,0,OWN,1600,VENTURE,14.74,0.13,3,640,No,1
22,female,High School,102985,0,RENT,35000,VENTURE,10.37,0.34,4,621,No,1
21,female,Associate,13113,0,OWN,4500,HOMEIMPROVEMENT,8.63,0.34,2,651,No,1
23,male,Bachelor,114860,3,RENT,35000,VENTURE,7.9,0.3,2,573,No,1
26,male,Master,130713,0,RENT,35000,EDUCATION,18.39,0.27,4,708,No,1
23,female,Associate,138998,0,RENT,35000,EDUCATION,7.9,0.25,4,583,No,0
23,female,Master,600891,5,MORTGAGE,30000,DEBTCONSOLIDATION,10.65,0.05,3,670,Yes,0
23,male,Bachelor,144943,0,RENT,35000,EDUCATION,7.9,0.24,4,663,No,0
23,female,High School,111369,0,RENT,35000,MEDICAL,20,0.31,4,694,No,1
23,male,Bachelor,136628,0,RENT,35000,DEBTCONSOLIDATION,18.25,0.26,4,709,No,1
24,female,Master,14283,1,MORTGAGE,1750,EDUCATION,10.99,0.12,2,679,No,1
25,male,Bachelor,195718,0,RENT,35000,VENTURE,7.49,0.18,4,684,Yes,0
25,male,High School,165792,4,RENT,34800,PERSONAL,16.77,0.21,2,662,No,0
22,female,Master,79255,0,RENT,34000,EDUCATION,17.58,0.43,4,691,No,1
24,female,Bachelor,13866,0,OWN,1500,PERSONAL,7.29,0.11,3,600,Yes,0
22,male,Bachelor,97420,1,RENT,33950,PERSONAL,14.54,0.35,4,691,No,1
24,female,High School,82443,0,RENT,33000,HOMEIMPROVEMENT,12.68,0.4,3,654,No,1
21,female,Associate,14288,0,MORTGAGE,4575,VENTURE,17.74,0.32,3,626,No,1
23,male,High School,14293,0,OWN,1400,PERSONAL,9.32,0.1,3,607,No,0
24,female,Bachelor,79054,1,RENT,32500,HOMEIMPROVEMENT,9.99,0.41,3,700,No,1
21,female,Bachelor,14988,0,OTHER,4000,EDUCATION,12.84,0.27,2,553,No,1
21,male,High School,14858,0,OWN,2000,MEDICAL,11.12,0.13,3,589,No,1
25,male,Bachelor,144855,1,RENT,32000,VENTURE,6.62,0.22,2,586,Yes,0
26,male,Bachelor,114645,2,RENT,31050,HOMEIMPROVEMENT,14.17,0.27,3,681,No,1
25,female,High School,368115,3,RENT,24250,DEBTCONSOLIDATION,13.85,0.07,3,567,Yes,0
26,female,Associate,361076,1,MORTGAGE,7800,MEDICAL,13.49,0.02,4,669,No,0
21,male,Associate,15150,0,OWN,2500,EDUCATION,7.51,0.17,4,600,No,1
22,female,Bachelor,58868,0,RENT,30000,EDUCATION,18.39,0.51,2,606,No,1
24,male,High School,78026,3,RENT,30000,DEBTCONSOLIDATION,14.54,0.38,3,582,No,1
25,male,Bachelor,90785,4,RENT,30000,HOMEIMPROVEMENT,16.89,0.33,4,649,No,1
23,female,High School,86811,0,RENT,30000,DEBTCONSOLIDATION,11.01,0.35,4,602,No,1
26,male,Bachelor,75503,5,RENT,30000,MEDICAL,17.99,0.4,2,616,No,1
24,female,High School,15082,0,OWN,2500,VENTURE,12.69,0.17,3,631,No,1
26,male,Bachelor,361293,5,MORTGAGE,20000,VENTURE,7.88,0.06,4,684,Yes,0
23,male,High School,361547,0,OWN,24250,EDUCATION,19.41,0.07,2,637,Yes,0
26,male,Master,360680,5,OWN,10000,HOMEIMPROVEMENT,10.38,0.03,4,649,No,0
26,male,Bachelor,360977,5,MORTGAGE,25000,EDUCATION,15.33,0.07,3,695,Yes,0
25,female,Bachelor,361244,2,MORTGAGE,18000,HOMEIMPROVEMENT,16.45,0.05,3,620,No,0
26,male,Bachelor,98230,2,RENT,30000,PERSONAL,7.49,0.31,3,622,No,1
22,female,High School,80838,0,RENT,30000,MEDICAL,12.69,0.37,3,645,No,1
26,male,Master,107957,2,RENT,30000,DEBTCONSOLIDATION,6.62,0.28,3,654,No,1
24,female,Bachelor,94649,2,RENT,30000,DEBTCONSOLIDATION,11.01,0.32,4,624,No,1
23,male,High School,94550,1,RENT,30000,DEBTCONSOLIDATION,18.62,0.32,3,570,No,1
23,male,Bachelor,111153,3,RENT,30000,PERSONAL,15.23,0.27,3,648,No,1
23,female,Associate,117250,0,RENT,30000,VENTURE,10.65,0.26,2,652,No,1
25,male,Bachelor,144985,3,RENT,30000,EDUCATION,7.9,0.21,4,559,No,0
26,male,High School,337133,7,RENT,10000,PERSONAL,15.96,0.03,3,623,Yes,0
26,male,Associate,333566,2,RENT,20000,VENTURE,11.48,0.06,3,602,Yes,0
23,male,Bachelor,333399,1,OWN,35000,PERSONAL,11.01,0.1,4,609,No,0
25,male,Master,154793,1,RENT,30000,PERSONAL,7.29,0.19,4,573,Yes,0
24,male,Associate,15229,1,OWN,1750,VENTURE,11.01,0.11,3,631,Yes,0
21,female,Bachelor,158338,0,RENT,30000,VENTURE,5.99,0.19,4,623,Yes,0
22,female,Bachelor,331034,0,OWN,12000,VENTURE,11.58,0.04,2,602,Yes,0
26,female,High School,316466,6,MORTGAGE,10000,EDUCATION,11.01,0.03,4,579,No,1
25,female,Associate,267671,0,MORTGAGE,25000,MEDICAL,15.7,0.09,2,582,No,1
22,male,Master,85191,0,RENT,29100,EDUCATION,15.99,0.34,3,700,No,1
22,male,Associate,15013,0,MORTGAGE,1500,EDUCATION,14.84,0.1,3,688,No,0
26,male,Bachelor,313100,3,OWN,28000,HOMEIMPROVEMENT,10.99,0.09,3,607,Yes,0
25,female,Bachelor,311952,0,MORTGAGE,20000,HOMEIMPROVEMENT,14.42,0.06,2,661,Yes,0
24,male,High School,306897,5,MORTGAGE,9600,EDUCATION,6.99,0.03,2,562,Yes,0
25,female,Bachelor,301136,0,RENT,25000,MEDICAL,13.49,0.08,4,664,Yes,0
25,male,High School,15162,1,OWN,3000,MEDICAL,11.01,0.2,3,564,No,1
22,male,Associate,69042,0,RENT,28000,MEDICAL,11.01,0.41,2,598,No,1
21,female,High School,15307,0,OWN,3000,EDUCATION,13.61,0.2,3,557,No,1
23,female,Associate,79183,0,RENT,28000,EDUCATION,7.9,0.35,2,677,No,1
26,male,Bachelor,102654,4,RENT,28000,VENTURE,7.49,0.27,3,690,No,1
26,male,Associate,15229,1,OWN,6100,EDUCATION,7.51,0.4,3,599,No,1
22,male,High School,106566,0,RENT,28000,VENTURE,9.91,0.26,3,604,No,1
21,female,Bachelor,15252,0,OWN,4200,PERSONAL,13.48,0.28,4,663,No,1
22,male,Bachelor,15432,3,OWN,4750,DEBTCONSOLIDATION,7.14,0.31,2,601,No,1
24,male,High School,100332,1,RENT,28000,VENTURE,15.99,0.28,4,634,No,1
24,male,Bachelor,300951,2,RENT,18000,EDUCATION,12.98,0.06,3,671,No,0
144,male,Bachelor,300616,125,RENT,4800,VENTURE,13.57,0.02,3,789,No,0
25,female,Bachelor,121062,1,RENT,28000,DEBTCONSOLIDATION,12.69,0.23,3,622,No,0
26,male,Associate,133372,1,RENT,28000,EDUCATION,8.9,0.21,2,538,Yes,0
26,male,Bachelor,15505,0,OWN,2700,DEBTCONSOLIDATION,11.01,0.17,4,587,No,1
22,male,Master,130852,0,RENT,28000,EDUCATION,11.01,0.21,4,683,No,1
23,male,Associate,182316,0,RENT,28000,DEBTCONSOLIDATION,11.11,0.15,2,634,Yes,0
24,female,Bachelor,83853,3,RENT,27600,HOMEIMPROVEMENT,11.01,0.33,2,690,No,1
21,female,Bachelor,15394,0,MORTGAGE,3250,DEBTCONSOLIDATION,15.68,0.21,3,518,No,1
22,female,Bachelor,85243,0,RENT,27500,EDUCATION,13.06,0.32,3,583,No,1
22,male,Associate,288907,2,OWN,25000,PERSONAL,11.01,0.09,2,617,Yes,0
26,male,Associate,89074,4,RENT,27050,VENTURE,15.62,0.3,2,668,No,1
24,male,Master,100509,2,RENT,27000,PERSONAL,13.49,0.27,2,673,No,1
24,male,High School,88950,3,RENT,27000,VENTURE,11.01,0.3,3,706,No,1
23,female,High School,75894,1,RENT,26000,MEDICAL,11.71,0.34,2,536,No,1
23,male,Associate,145092,0,RENT,25600,EDUCATION,12.69,0.18,3,557,Yes,0
24,female,Bachelor,15928,1,OWN,1600,MEDICAL,13.57,0.1,3,689,Yes,0
22,male,Bachelor,73131,3,RENT,25475,VENTURE,10.99,0.35,3,681,No,1
25,male,Master,281501,4,MORTGAGE,20000,MEDICAL,14.27,0.07,4,623,Yes,0
24,female,Associate,281775,0,OWN,20000,HOMEIMPROVEMENT,8.88,0.07,4,595,Yes,0
26,male,Bachelor,281792,1,MORTGAGE,21600,HOMEIMPROVEMENT,12.18,0.08,3,584,Yes,0
25,male,Bachelor,266090,4,MORTGAGE,11900,DEBTCONSOLIDATION,14.42,0.04,3,669,No,1
26,male,High School,279664,3,MORTGAGE,25000,MEDICAL,14.17,0.09,2,642,Yes,0
25,female,High School,277017,4,MORTGAGE,35000,MEDICAL,13.99,0.13,4,622,Yes,0
23,male,Associate,100756,0,RENT,25300,EDUCATION,10.99,0.25,3,689,No,1
22,male,High School,16218,1,MORTGAGE,2000,PERSONAL,5.42,0.12,4,614,No,1
25,female,Bachelor,16211,2,OWN,1750,PERSONAL,13.61,0.11,3,597,Yes,0
21,female,Bachelor,51922,3,RENT,25000,EDUCATION,12.73,0.48,3,673,No,1
24,male,Associate,50309,3,RENT,25000,HOMEIMPROVEMENT,11.01,0.5,3,625,No,1
25,male,High School,16378,0,OWN,3000,DEBTCONSOLIDATION,12.87,0.18,4,603,No,1
24,male,Bachelor,16572,0,MORTGAGE,3650,HOMEIMPROVEMENT,9.91,0.22,3,589,No,1
26,male,Master,272201,5,MORTGAGE,20000,HOMEIMPROVEMENT,11.49,0.07,4,670,Yes,0
25,female,Bachelor,271324,3,MORTGAGE,30000,HOMEIMPROVEMENT,19.91,0.11,2,637,Yes,0
26,male,Associate,256862,2,MORTGAGE,35000,EDUCATION,10.65,0.14,2,643,No,1
24,male,High School,271342,0,RENT,6000,MEDICAL,11.01,0.02,4,508,Yes,0
24,male,High School,16470,2,MORTGAGE,4500,DEBTCONSOLIDATION,11.83,0.27,4,643,No,1
23,male,High School,16599,0,OWN,2400,DEBTCONSOLIDATION,13.49,0.14,2,505,No,1
22,male,Bachelor,51608,0,RENT,25000,MEDICAL,14.59,0.48,2,593,No,1
26,female,Master,58516,6,RENT,25000,EDUCATION,9.64,0.43,4,686,No,1
25,female,Associate,16395,4,OWN,3600,MEDICAL,14.59,0.22,3,646,No,1
22,female,Bachelor,16890,0,OWN,4750,EDUCATION,11.01,0.28,3,645,No,1
25,female,Associate,51747,3,RENT,25000,EDUCATION,16.35,0.48,3,697,No,1
21,male,High School,59864,0,RENT,25000,EDUCATION,10.99,0.42,2,648,No,1
25,male,Master,270972,1,MORTGAGE,25000,VENTURE,18.67,0.09,2,640,Yes,0
26,male,Bachelor,270870,5,RENT,3000,EDUCATION,9.32,0.01,4,681,No,0
23,female,Associate,270729,0,RENT,7500,DEBTCONSOLIDATION,8.63,0.03,2,646,No,0
26,male,Bachelor,270877,4,MORTGAGE,25000,VENTURE,10.08,0.09,2,615,Yes,0
22,male,Associate,60501,0,RENT,25000,PERSONAL,11.83,0.41,3,687,No,1
23,male,High School,60754,1,RENT,25000,DEBTCONSOLIDATION,7.9,0.41,3,650,No,1
25,male,Bachelor,60829,0,RENT,25000,HOMEIMPROVEMENT,5.99,0.41,2,588,No,1
24,male,Bachelor,53825,2,RENT,25000,DEBTCONSOLIDATION,15.33,0.46,2,652,No,1
23,male,High School,60801,0,RENT,25000,VENTURE,11.83,0.41,4,658,No,1
22,male,High School,60747,0,RENT,25000,VENTURE,10.36,0.41,2,634,No,1
22,female,High School,61029,0,RENT,25000,VENTURE,12.23,0.41,3,623,No,1
22,female,Associate,63236,0,RENT,25000,EDUCATION,11.11,0.4,4,635,No,1
23,female,Bachelor,17149,0,OWN,4950,DEBTCONSOLIDATION,7.9,0.29,4,531,No,1
24,female,Master,265066,4,MORTGAGE,25000,EDUCATION,11.58,0.09,2,665,Yes,0
23,male,Associate,260205,2,MORTGAGE,21000,DEBTCONSOLIDATION,8.9,0.08,3,703,No,0
25,female,Associate,260035,5,MORTGAGE,25000,EDUCATION,16.07,0.1,3,585,Yes,0
26,female,Bachelor,260444,4,MORTGAGE,20000,EDUCATION,14.22,0.08,2,594,No,0
23,male,Bachelor,258980,0,MORTGAGE,35000,MEDICAL,14.79,0.14,3,618,Yes,0
26,male,High School,259081,2,MORTGAGE,12000,EDUCATION,7.88,0.05,2,626,Yes,0
23,male,High School,63497,0,RENT,25000,PERSONAL,13.22,0.39,2,695,No,1
26,female,Doctorate,56325,2,RENT,25000,DEBTCONSOLIDATION,11.86,0.44,4,690,No,1
22,male,Bachelor,64842,0,RENT,25000,EDUCATION,13.43,0.39,4,574,No,1
26,female,High School,57856,0,RENT,25000,HOMEIMPROVEMENT,15.28,0.43,2,602,No,1
23,male,Associate,57318,0,RENT,25000,VENTURE,17.93,0.44,2,679,No,1
23,female,High School,16916,2,MORTGAGE,1400,EDUCATION,9.25,0.08,4,615,No,0
21,male,Master,16664,0,OWN,4500,VENTURE,12.98,0.27,4,601,No,1
22,male,Associate,252803,0,MORTGAGE,16000,VENTURE,10.62,0.06,4,577,Yes,0
26,female,Associate,253061,3,OWN,22000,PERSONAL,11.83,0.09,4,588,Yes,0
26,male,Bachelor,58602,8,RENT,25000,VENTURE,18.43,0.43,2,595,No,1
22,male,High School,67012,2,RENT,25000,EDUCATION,11.01,0.37,4,653,No,1
24,female,Master,66643,3,RENT,25000,HOMEIMPROVEMENT,11.01,0.38,4,663,No,1
23,male,Bachelor,66599,0,RENT,25000,EDUCATION,11.36,0.38,3,653,No,1
23,male,Associate,67212,2,RENT,25000,EDUCATION,15.65,0.37,3,598,No,1
24,female,High School,66918,1,RENT,25000,PERSONAL,13.22,0.37,4,630,No,1
26,male,Associate,68066,2,RENT,25000,DEBTCONSOLIDATION,12.87,0.37,2,637,No,1
24,male,Associate,245545,1,OWN,20000,MEDICAL,13.04,0.08,3,660,Yes,0
23,male,Associate,229083,0,MORTGAGE,22000,EDUCATION,17.58,0.1,3,639,No,1
23,male,High School,17859,0,OWN,7750,PERSONAL,17.04,0.43,4,626,No,1
24,female,Associate,72608,3,RENT,25000,PERSONAL,10.99,0.34,3,612,No,1
24,male,Bachelor,73073,1,RENT,25000,PERSONAL,11.11,0.34,3,628,No,1
26,female,Master,65880,2,RENT,25000,DEBTCONSOLIDATION,14.83,0.38,2,592,No,1
23,male,High School,17755,1,OWN,4000,DEBTCONSOLIDATION,11.01,0.23,3,580,No,1
24,male,Bachelor,241180,3,RENT,12000,MEDICAL,12.69,0.05,2,634,No,0
24,male,Associate,240894,3,MORTGAGE,12000,HOMEIMPROVEMENT,13.49,0.05,2,678,No,0
21,male,High School,240980,0,MORTGAGE,16000,EDUCATION,14.65,0.07,4,557,Yes,0
25,male,Bachelor,65742,3,RENT,25000,HOMEIMPROVEMENT,16.82,0.38,4,672,No,1
23,male,Bachelor,72713,0,RENT,25000,PERSONAL,12.73,0.34,3,613,No,1
23,male,High School,72627,3,RENT,25000,PERSONAL,10.25,0.34,4,566,No,1
21,male,Associate,72843,0,RENT,25000,EDUCATION,10.99,0.34,4,718,No,1
25,male,High School,75504,4,RENT,25000,MEDICAL,12.73,0.33,2,484,No,1
22,female,High School,68824,0,RENT,25000,HOMEIMPROVEMENT,14.96,0.36,3,634,No,1
23,female,Bachelor,241167,2,MORTGAGE,28000,EDUCATION,11.01,0.12,2,653,Yes,0
21,male,Bachelor,241060,0,MORTGAGE,25000,DEBTCONSOLIDATION,13.99,0.1,2,699,No,0
24,male,High School,240855,0,MORTGAGE,24000,VENTURE,7.49,0.1,4,656,Yes,0
26,male,High School,241030,3,MORTGAGE,15000,EDUCATION,14.79,0.06,3,626,Yes,0
25,male,High School,240895,2,MORTGAGE,15500,DEBTCONSOLIDATION,11.99,0.06,2,659,No,0
24,female,High School,240932,4,RENT,10000,EDUCATION,8.49,0.04,4,604,Yes,0
24,male,Associate,80145,1,RENT,25000,EDUCATION,9.91,0.31,2,636,No,1
22,male,Master,80303,0,RENT,25000,EDUCATION,13.06,0.31,3,554,No,1
22,male,High School,241048,0,MORTGAGE,9000,DEBTCONSOLIDATION,6.17,0.04,4,587,Yes,0
144,male,Associate,241424,121,MORTGAGE,6000,EDUCATION,11.86,0.02,2,807,No,0
25,male,Bachelor,241005,4,RENT,18000,EDUCATION,16.32,0.07,3,708,Yes,0
25,female,Master,240768,2,MORTGAGE,12000,VENTURE,10.38,0.05,2,669,Yes,0
25,male,Associate,241201,2,MORTGAGE,23050,PERSONAL,14.35,0.1,3,578,No,0
24,male,Bachelor,240920,5,MORTGAGE,20000,DEBTCONSOLIDATION,11.01,0.08,3,615,No,0
24,female,Master,72919,1,RENT,25000,DEBTCONSOLIDATION,11.01,0.34,2,553,No,1
21,male,Master,18008,0,OWN,3000,HOMEIMPROVEMENT,11.01,0.17,4,635,No,1
26,female,Associate,81238,3,RENT,25000,PERSONAL,15.21,0.31,2,531,No,1
23,male,High School,80868,1,RENT,25000,EDUCATION,7.9,0.31,4,621,No,1
24,male,Bachelor,81537,1,RENT,25000,VENTURE,10.99,0.31,3,674,No,1
24,female,Associate,82741,0,RENT,25000,PERSONAL,14.09,0.3,3,688,No,1
25,female,High School,83901,3,RENT,25000,PERSONAL,17.49,0.3,2,597,No,1
25,male,Associate,240717,1,MORTGAGE,12000,EDUCATION,11.48,0.05,3,640,No,0
26,female,Associate,226744,0,MORTGAGE,20000,VENTURE,17.74,0.09,2,621,No,1
26,female,Bachelor,241114,5,MORTGAGE,3000,PERSONAL,13.92,0.01,3,608,Yes,0
25,male,Bachelor,85284,3,RENT,25000,EDUCATION,15.21,0.29,3,653,No,1
22,female,Bachelor,18152,0,OWN,4000,MEDICAL,10.99,0.22,3,585,No,1
24,female,High School,84871,3,RENT,25000,EDUCATION,11.86,0.29,4,569,No,1
24,male,Bachelor,18294,2,OWN,6000,PERSONAL,7.49,0.33,3,587,No,1
24,male,Bachelor,68029,1,RENT,25000,MEDICAL,16.49,0.37,4,631,No,1
25,female,High School,80001,4,RENT,25000,VENTURE,15.33,0.31,2,592,No,1
26,female,High School,79875,6,RENT,25000,HOMEIMPROVEMENT,11.58,0.31,4,679,No,1
25,male,High School,18449,1,OWN,5375,EDUCATION,5.79,0.29,2,645,No,1
25,male,Associate,88153,0,RENT,25000,MEDICAL,13.11,0.28,2,669,No,1
23,female,Bachelor,90109,0,RENT,25000,MEDICAL,10.36,0.28,3,653,No,1
25,male,Bachelor,90938,1,RENT,25000,DEBTCONSOLIDATION,10.36,0.27,2,577,No,1
24,male,High School,231335,0,RENT,22000,MEDICAL,11.01,0.1,2,668,Yes,0
21,male,Bachelor,231829,0,MORTGAGE,20000,VENTURE,6.54,0.09,4,629,No,0
25,female,Associate,230516,4,MORTGAGE,10000,MEDICAL,12.53,0.04,4,643,No,0
26,male,Bachelor,229626,0,MORTGAGE,15000,PERSONAL,11.01,0.07,3,626,No,0
22,male,Bachelor,228907,0,MORTGAGE,10000,VENTURE,11.01,0.04,3,560,Yes,0
24,male,Bachelor,90938,0,RENT,25000,EDUCATION,10.25,0.27,4,648,No,1
22,male,Associate,86284,0,RENT,25000,EDUCATION,15.95,0.29,4,648,No,1
26,male,Associate,228774,3,MORTGAGE,20000,VENTURE,12.18,0.09,4,669,Yes,0
23,male,High School,229027,2,OWN,24000,PERSONAL,11.83,0.1,3,536,Yes,0
23,male,High School,94789,1,RENT,25000,DEBTCONSOLIDATION,11.01,0.26,2,548,No,1
23,female,Master,94780,0,RENT,25000,VENTURE,10.62,0.26,3,667,No,1
23,male,High School,95298,0,RENT,25000,VENTURE,10.74,0.26,3,676,No,1
25,male,Associate,223944,1,OWN,10000,VENTURE,10.25,0.04,4,570,Yes,0
24,male,High School,222629,0,MORTGAGE,35000,EDUCATION,12.42,0.16,2,623,No,0
25,female,Bachelor,222973,2,RENT,15000,VENTURE,15.27,0.07,2,652,Yes,0
24,female,High School,75240,1,RENT,25000,MEDICAL,15.33,0.33,2,625,No,1
23,female,High School,96143,1,RENT,25000,VENTURE,15.21,0.26,2,642,No,1
21,male,Bachelor,18064,0,OWN,6250,VENTURE,14.72,0.35,2,580,No,1
24,male,Associate,96627,2,RENT,25000,PERSONAL,15.7,0.26,2,622,No,1
24,male,Bachelor,96309,3,RENT,25000,EDUCATION,13.35,0.26,4,581,No,1
21,female,High School,18421,1,MORTGAGE,1500,MEDICAL,11.01,0.08,4,623,No,0
24,male,Master,96836,1,RENT,25000,EDUCATION,6.62,0.26,2,583,No,1
26,male,Bachelor,96947,4,RENT,25000,DEBTCONSOLIDATION,13.61,0.26,4,645,No,1
22,female,Associate,222975,2,RENT,25000,MEDICAL,11.36,0.11,2,593,Yes,0
26,male,Associate,222985,3,OWN,5000,PERSONAL,7.68,0.02,2,659,Yes,0
24,female,Bachelor,223064,0,RENT,22000,HOMEIMPROVEMENT,14.46,0.1,4,655,Yes,0
23,male,Associate,221559,2,OWN,2500,EDUCATION,11.83,0.01,2,583,Yes,0
24,female,Associate,207712,0,MORTGAGE,20000,DEBTCONSOLIDATION,13.47,0.1,4,582,No,1
24,female,Bachelor,220872,1,MORTGAGE,20000,MEDICAL,11.49,0.09,3,504,Yes,0
22,male,High School,220518,0,MORTGAGE,1000,EDUCATION,11.01,0,2,551,Yes,0
25,female,Associate,220510,1,MORTGAGE,15000,PERSONAL,6.03,0.07,3,529,Yes,0
23,female,Bachelor,89818,0,RENT,25000,DEBTCONSOLIDATION,16.35,0.28,4,674,No,1
26,female,High School,90006,4,RENT,25000,DEBTCONSOLIDATION,11.01,0.28,4,595,No,1
25,female,High School,98704,6,RENT,25000,DEBTCONSOLIDATION,7.29,0.25,3,597,No,1
23,male,High School,98967,5,RENT,25000,MEDICAL,11.36,0.25,3,566,No,1
24,male,High School,99435,3,RENT,25000,VENTURE,10.25,0.25,2,666,No,0
24,female,Bachelor,100658,1,RENT,25000,EDUCATION,11.12,0.25,3,695,No,0
24,female,Bachelor,100435,2,RENT,25000,PERSONAL,12.92,0.25,3,576,Yes,0
24,male,High School,216925,5,RENT,18000,EDUCATION,18.64,0.08,4,651,Yes,0
23,female,Bachelor,216891,0,MORTGAGE,28000,PERSONAL,7.51,0.13,3,633,Yes,0
23,male,Master,18512,1,OWN,4000,HOMEIMPROVEMENT,16.7,0.22,2,566,No,1
22,male,Master,18367,0,OWN,2100,PERSONAL,11.14,0.11,4,583,No,0
22,female,Associate,102317,0,RENT,25000,PERSONAL,18.3,0.24,4,586,Yes,0
24,female,Associate,103400,4,RENT,25000,MEDICAL,10.62,0.24,4,592,Yes,0
24,male,Bachelor,217134,2,MORTGAGE,14000,VENTURE,11.99,0.06,2,598,Yes,0
26,male,Master,217024,1,MORTGAGE,12000,VENTURE,9.63,0.06,4,637,Yes,0
25,female,High School,172215,5,MORTGAGE,10000,MEDICAL,18.25,0.06,4,628,No,1
23,male,Master,18831,0,MORTGAGE,6000,DEBTCONSOLIDATION,11.01,0.32,4,667,No,1
24,male,Associate,105349,5,RENT,25000,HOMEIMPROVEMENT,14.84,0.24,3,621,Yes,0
24,male,Bachelor,91184,1,RENT,25000,VENTURE,14.7,0.27,3,668,No,1
23,female,High School,91886,1,RENT,25000,DEBTCONSOLIDATION,16.02,0.27,4,544,No,1
23,male,Associate,80452,2,RENT,25000,MEDICAL,15.37,0.31,2,699,No,1
25,female,Bachelor,108758,2,RENT,25000,MEDICAL,10.99,0.23,4,611,No,0
21,male,Associate,18916,0,OWN,6200,HOMEIMPROVEMENT,7.9,0.33,2,615,No,1
26,female,High School,217234,5,OWN,25000,PERSONAL,10.99,0.12,4,559,Yes,0
24,female,High School,217017,0,OWN,21000,EDUCATION,11.48,0.1,3,577,Yes,0
25,male,High School,216874,1,OWN,20000,MEDICAL,14.26,0.09,4,657,Yes,0
26,male,Associate,216833,5,OWN,10000,HOMEIMPROVEMENT,8,0.05,4,676,Yes,0
25,male,Bachelor,216483,0,MORTGAGE,9950,VENTURE,11.26,0.05,2,601,No,0
23,female,Master,19000,2,OWN,4475,MEDICAL,11.01,0.24,4,647,No,1
23,female,Master,94363,0,RENT,25000,VENTURE,16.32,0.26,3,576,No,1
25,male,Master,80570,3,RENT,25000,MEDICAL,17.93,0.31,4,612,No,1
23,male,Bachelor,109167,0,RENT,25000,DEBTCONSOLIDATION,11.36,0.23,3,678,No,0
24,female,Associate,95753,1,RENT,25000,DEBTCONSOLIDATION,14.96,0.26,4,542,No,1
24,female,Associate,110935,1,RENT,25000,PERSONAL,13.43,0.23,3,709,Yes,0
25,male,Associate,111490,2,RENT,25000,HOMEIMPROVEMENT,12.69,0.22,3,622,Yes,0
24,male,Associate,111729,4,RENT,25000,VENTURE,12.73,0.22,4,642,Yes,0
23,female,High School,113396,0,RENT,25000,VENTURE,15.21,0.22,4,660,No,0
23,female,Bachelor,19175,1,MORTGAGE,1750,MEDICAL,12.68,0.09,3,587,Yes,0
23,female,High School,85787,0,RENT,25000,MEDICAL,19.04,0.29,4,646,No,1
25,female,Master,102114,7,RENT,25000,DEBTCONSOLIDATION,15.95,0.24,3,637,No,1
26,male,Bachelor,211005,5,MORTGAGE,2600,VENTURE,8.9,0.01,4,718,No,0
25,male,Master,210903,4,MORTGAGE,8000,HOMEIMPROVEMENT,7.9,0.04,2,588,Yes,0
22,male,Associate,210555,0,MORTGAGE,18000,EDUCATION,11.01,0.09,2,652,No,0
23,male,Bachelor,210937,0,MORTGAGE,21000,PERSONAL,11.99,0.1,3,620,Yes,0
23,male,High School,19062,2,OWN,4000,DEBTCONSOLIDATION,13.98,0.21,4,667,No,1
23,female,Associate,18926,0,OWN,4600,VENTURE,10.99,0.24,2,688,No,1
22,male,Associate,106694,0,RENT,25000,DEBTCONSOLIDATION,15.58,0.23,2,667,No,1
25,male,Master,90718,4,RENT,25000,MEDICAL,10.99,0.28,2,692,No,1
25,male,Bachelor,106668,1,RENT,25000,VENTURE,14.96,0.23,4,562,No,1
25,male,High School,19158,4,OWN,1750,HOMEIMPROVEMENT,15.31,0.09,4,625,Yes,0
26,male,High School,106419,5,RENT,25000,VENTURE,15.65,0.23,3,649,No,1
25,female,High School,120696,3,RENT,25000,VENTURE,9.33,0.21,4,545,Yes,0
23,male,High School,19065,3,MORTGAGE,3600,PERSONAL,13.47,0.19,4,540,No,1
24,female,Associate,124083,0,RENT,25000,PERSONAL,10.36,0.2,3,637,Yes,0
24,male,Associate,111673,4,RENT,25000,HOMEIMPROVEMENT,16.77,0.22,4,600,No,1
23,male,High School,112633,1,RENT,25000,DEBTCONSOLIDATION,14.59,0.22,2,633,No,1
22,male,High School,210938,0,RENT,3500,VENTURE,11.91,0.02,2,588,No,0
23,female,Associate,210720,2,MORTGAGE,7200,EDUCATION,8.38,0.03,3,624,Yes,0
25,male,High School,210705,7,RENT,9000,VENTURE,10.59,0.04,3,525,Yes,0
25,male,High School,209997,3,MORTGAGE,8800,DEBTCONSOLIDATION,14.27,0.04,3,616,Yes,0
26,female,Master,209873,3,RENT,12000,DEBTCONSOLIDATION,12.53,0.06,4,675,No,0
25,female,Associate,195268,1,MORTGAGE,25000,DEBTCONSOLIDATION,16,0.13,3,662,No,1
26,male,Master,209393,2,MORTGAGE,10000,VENTURE,11.71,0.05,4,585,Yes,0
21,male,Master,18773,0,OWN,3175,HOMEIMPROVEMENT,11.54,0.17,3,686,No,1
25,female,Bachelor,116439,2,RENT,25000,HOMEIMPROVEMENT,15.68,0.21,4,595,No,1
21,female,Associate,19169,2,MORTGAGE,1500,EDUCATION,10.59,0.08,2,537,Yes,0
24,female,High School,118417,0,RENT,25000,HOMEIMPROVEMENT,12.61,0.21,2,625,No,1
26,female,High School,133476,0,RENT,25000,PERSONAL,11.01,0.19,2,641,Yes,0
23,female,Associate,19312,4,MORTGAGE,2800,PERSONAL,8.49,0.14,3,661,No,1
25,male,High School,192351,1,RENT,30000,PERSONAL,17.27,0.16,4,577,No,1
24,male,Bachelor,206648,4,RENT,18000,DEBTCONSOLIDATION,8.9,0.09,4,537,Yes,0
25,female,High School,205046,6,MORTGAGE,10000,MEDICAL,11.11,0.05,4,646,Yes,0
24,male,High School,190735,1,RENT,25000,HOMEIMPROVEMENT,14.59,0.13,2,653,No,1
26,female,Associate,204872,3,RENT,13000,VENTURE,12.42,0.06,3,654,No,0
24,male,Associate,100758,0,RENT,25000,MEDICAL,11.01,0.25,2,635,No,1
24,female,Master,133231,3,RENT,25000,HOMEIMPROVEMENT,15.7,0.19,2,675,Yes,0
22,female,Master,18923,0,OWN,2500,HOMEIMPROVEMENT,12.53,0.13,3,618,No,1
25,female,Master,161894,0,RENT,5000,MEDICAL,16.49,0.03,2,609,No,1
25,female,Bachelor,205144,0,MORTGAGE,20000,EDUCATION,7.49,0.1,2,545,Yes,0
22,female,High School,121617,2,RENT,25000,DEBTCONSOLIDATION,14.96,0.21,2,629,No,1
25,male,Associate,136206,6,RENT,25000,MEDICAL,12.73,0.18,4,539,No,0
24,male,Master,144915,4,RENT,25000,EDUCATION,10.65,0.17,4,593,Yes,0
25,female,High School,145233,3,RENT,25000,MEDICAL,10.74,0.17,2,683,No,0
23,male,Bachelor,145002,1,RENT,25000,EDUCATION,9.99,0.17,2,670,Yes,0
24,male,Master,110953,0,RENT,25000,MEDICAL,15.33,0.23,2,662,No,1
21,female,High School,19414,2,OWN,1000,VENTURE,7.29,0.05,4,681,Yes,0
26,male,High School,130096,1,RENT,25000,PERSONAL,15.05,0.19,3,636,No,1
26,male,Master,157292,0,RENT,25000,PERSONAL,10.75,0.16,3,677,Yes,0
23,female,Bachelor,156995,3,RENT,25000,EDUCATION,16.02,0.16,2,656,Yes,0
23,female,Associate,156952,0,RENT,25000,VENTURE,11.49,0.16,4,674,Yes,0
25,female,Associate,205005,6,OWN,20000,EDUCATION,12.53,0.1,4,587,No,0
26,female,Bachelor,205060,2,MORTGAGE,12000,VENTURE,13.57,0.06,2,658,No,0
22,male,High School,203782,4,RENT,14000,PERSONAL,11.14,0.07,3,581,Yes,0
26,male,High School,203368,3,RENT,24250,MEDICAL,12.87,0.12,3,606,Yes,0
23,female,Associate,203403,0,RENT,20000,EDUCATION,11.58,0.1,3,648,No,0
24,female,Associate,202715,3,RENT,1800,HOMEIMPROVEMENT,11.12,0.01,3,563,Yes,0
25,female,Master,202525,1,MORTGAGE,35000,PERSONAL,10.65,0.17,2,589,Yes,0
24,male,Associate,161487,1,RENT,25000,DEBTCONSOLIDATION,10.37,0.15,2,641,No,0
24,male,Associate,19677,3,OWN,3300,HOMEIMPROVEMENT,6.39,0.17,4,637,No,1
24,male,High School,161952,2,RENT,25000,PERSONAL,16.07,0.15,3,578,Yes,0
25,female,Bachelor,161560,0,RENT,25000,MEDICAL,10.62,0.15,2,660,Yes,0
25,male,High School,19423,3,OWN,3200,VENTURE,18.09,0.16,2,586,No,1
25,male,Associate,163134,5,RENT,25000,EDUCATION,11.36,0.15,4,567,Yes,0
26,female,Bachelor,163683,5,RENT,25000,DEBTCONSOLIDATION,12.53,0.15,4,582,Yes,0
25,female,Bachelor,174972,3,RENT,25000,EDUCATION,9.99,0.14,4,712,Yes,0
23,male,High School,181016,4,RENT,25000,EDUCATION,10.36,0.14,3,674,No,0
23,female,Master,198920,0,MORTGAGE,9600,EDUCATION,5.99,0.05,3,532,Yes,0
22,female,Master,184800,1,MORTGAGE,24000,DEBTCONSOLIDATION,15.62,0.13,2,670,No,1
24,male,Master,198862,6,MORTGAGE,20000,PERSONAL,10.37,0.1,4,658,No,0
25,male,Associate,199407,0,MORTGAGE,25000,HOMEIMPROVEMENT,19.74,0.13,4,669,No,0
21,male,Bachelor,198803,0,MORTGAGE,20000,EDUCATION,6.91,0.1,4,681,Yes,0
23,male,Associate,20044,3,OWN,6000,MEDICAL,7.9,0.3,2,618,No,1
23,female,Bachelor,20401,4,MORTGAGE,2275,DEBTCONSOLIDATION,13.06,0.11,4,573,Yes,0
23,female,High School,19859,0,OWN,2000,PERSONAL,6.39,0.1,3,491,Yes,0
23,male,Master,178660,2,RENT,25000,DEBTCONSOLIDATION,14.93,0.14,3,590,No,1
23,female,High School,20421,0,MORTGAGE,5600,MEDICAL,12.84,0.27,4,587,No,1
24,male,Master,20353,2,OWN,3625,VENTURE,17.14,0.18,2,648,No,1
22,male,Master,20297,0,MORTGAGE,5500,VENTURE,7.14,0.27,3,687,No,1
25,male,Bachelor,210932,0,RENT,25000,PERSONAL,8.9,0.12,2,621,No,0
22,female,High School,20405,0,OWN,2000,PERSONAL,12.42,0.1,3,590,Yes,0
24,male,Associate,223194,0,RENT,25000,HOMEIMPROVEMENT,12.68,0.11,2,676,Yes,0
25,female,Associate,195560,0,RENT,25000,PERSONAL,11.03,0.13,2,677,Yes,0
26,male,Bachelor,194140,6,RENT,30000,VENTURE,7.9,0.15,4,651,Yes,0
22,male,High School,193337,0,MORTGAGE,35000,MEDICAL,10.65,0.18,4,602,Yes,0
25,male,High School,270992,2,RENT,25000,VENTURE,11.86,0.09,4,652,No,0
25,male,Associate,20221,5,OWN,5000,PERSONAL,8.94,0.25,4,572,No,1
23,male,Bachelor,20678,0,OWN,4375,VENTURE,9.63,0.21,4,528,No,1
25,female,High School,60742,3,RENT,24750,PERSONAL,14.22,0.41,3,638,No,1
23,female,High School,72805,2,RENT,24750,DEBTCONSOLIDATION,9.33,0.34,3,655,No,1
24,male,Master,102011,3,RENT,24500,MEDICAL,13.85,0.24,4,627,Yes,0
22,male,High School,20896,0,MORTGAGE,2000,EDUCATION,10.65,0.1,2,596,No,0
24,female,Bachelor,111283,0,RENT,24500,MEDICAL,11.46,0.22,4,694,No,0
23,female,Associate,192873,0,MORTGAGE,35000,PERSONAL,7.66,0.18,2,684,Yes,0
24,female,Bachelor,193174,0,MORTGAGE,12000,VENTURE,16.77,0.06,4,547,No,0
25,female,Bachelor,193249,0,MORTGAGE,12000,PERSONAL,9.63,0.06,4,586,Yes,0
26,female,Bachelor,192954,5,RENT,25000,PERSONAL,12.23,0.13,4,694,No,0
25,male,Master,152227,2,MORTGAGE,10000,MEDICAL,14.09,0.07,4,639,No,1
25,female,Bachelor,65399,0,RENT,24250,PERSONAL,13.98,0.37,4,663,No,1
23,female,High School,75928,4,RENT,24250,EDUCATION,10.62,0.32,4,528,No,1
24,male,Bachelor,21627,0,MORTGAGE,3900,DEBTCONSOLIDATION,11.01,0.18,3,636,No,1
25,male,High School,83235,3,RENT,24250,PERSONAL,17.56,0.29,4,603,No,1
26,male,High School,68297,3,RENT,24250,MEDICAL,14.96,0.36,2,507,No,1
22,male,Master,89977,3,RENT,24250,DEBTCONSOLIDATION,15.65,0.27,2,692,No,1
24,female,Associate,79510,2,RENT,24250,MEDICAL,15.7,0.3,2,604,No,1
24,female,Bachelor,109050,5,RENT,24250,VENTURE,12.53,0.22,3,622,No,0
26,female,Bachelor,94635,2,RENT,24250,HOMEIMPROVEMENT,17.56,0.26,3,643,No,1
23,male,High School,120966,0,RENT,24250,PERSONAL,12.87,0.2,2,565,No,0
23,male,Master,124437,0,RENT,24250,PERSONAL,15.7,0.19,2,718,Yes,0
25,male,Bachelor,193147,3,MORTGAGE,9000,EDUCATION,11.01,0.05,3,625,Yes,0
25,male,Bachelor,192914,0,OWN,15000,VENTURE,11.14,0.08,4,614,Yes,0
24,female,Bachelor,192806,2,MORTGAGE,20000,VENTURE,16,0.1,3,690,Yes,0
23,male,High School,193097,0,MORTGAGE,25000,EDUCATION,15.65,0.13,2,564,Yes,0
26,female,Associate,193082,5,MORTGAGE,13750,DEBTCONSOLIDATION,11.01,0.07,4,579,Yes,0
21,female,High School,192841,1,MORTGAGE,15250,VENTURE,15.31,0.08,4,648,No,0
25,male,Master,193300,3,MORTGAGE,20000,VENTURE,13.47,0.1,2,531,Yes,0
22,male,Associate,21205,0,MORTGAGE,4750,HOMEIMPROVEMENT,13.85,0.22,2,658,No,1
25,female,Bachelor,135292,3,RENT,24250,PERSONAL,11.01,0.18,3,574,No,0
21,male,High School,21363,2,MORTGAGE,6000,VENTURE,10.39,0.28,4,671,No,1
25,male,High School,139035,7,RENT,24250,HOMEIMPROVEMENT,11.36,0.17,2,633,No,0
23,male,High School,173511,0,RENT,24250,EDUCATION,11.83,0.14,3,631,Yes,0
23,male,Associate,345520,0,RENT,24250,EDUCATION,12.53,0.07,3,652,Yes,0
22,female,Bachelor,130762,3,RENT,24150,HOMEIMPROVEMENT,14.96,0.18,3,683,No,1
22,female,Bachelor,52596,0,RENT,24000,DEBTCONSOLIDATION,13.85,0.46,3,693,No,1
23,female,Bachelor,57326,2,RENT,24000,VENTURE,11.58,0.42,4,603,No,1
24,female,High School,58262,1,RENT,24000,VENTURE,16.29,0.41,2,522,No,1
26,female,High School,58620,4,RENT,24000,MEDICAL,11.01,0.41,3,664,No,1
21,female,Master,55113,0,RENT,24000,EDUCATION,16.29,0.44,2,645,No,1
25,male,Bachelor,63361,2,RENT,24000,PERSONAL,10.74,0.38,2,592,No,1
22,female,Associate,22107,4,MORTGAGE,2250,EDUCATION,15.27,0.1,3,636,Yes,0
24,female,Bachelor,57356,3,RENT,24000,PERSONAL,17.8,0.42,2,672,No,1
22,female,Bachelor,21790,0,MORTGAGE,1000,VENTURE,11.36,0.05,2,686,Yes,0
22,female,High School,59680,0,RENT,24000,MEDICAL,17.56,0.4,4,590,No,1
26,female,Master,72720,2,RENT,24000,PERSONAL,7.9,0.33,4,636,No,1
25,female,High School,73024,5,RENT,24000,PERSONAL,10.99,0.33,4,580,No,1
22,male,Bachelor,73110,0,RENT,24000,PERSONAL,7.29,0.33,3,674,No,1
21,female,Associate,72902,0,RENT,24000,MEDICAL,10.75,0.33,2,601,No,1
26,female,High School,75416,4,RENT,24000,DEBTCONSOLIDATION,7.9,0.32,3,620,No,1
22,male,Master,75959,0,RENT,24000,EDUCATION,14.84,0.32,2,642,No,1
26,male,Associate,79222,7,RENT,24000,DEBTCONSOLIDATION,11.01,0.3,2,616,No,1
22,female,Associate,21824,0,MORTGAGE,4975,EDUCATION,11.01,0.23,3,588,No,1
23,male,High School,71875,1,RENT,24000,DEBTCONSOLIDATION,19.69,0.33,2,585,No,1
23,male,Bachelor,80313,1,RENT,24000,VENTURE,11.01,0.3,4,632,No,1
24,male,High School,72647,5,RENT,24000,VENTURE,14.96,0.33,4,556,No,1
25,male,Bachelor,80492,4,RENT,24000,EDUCATION,6.99,0.3,3,602,No,1
22,male,High School,75646,0,RENT,24000,PERSONAL,16.45,0.32,4,639,No,1
24,male,Associate,85223,3,RENT,24000,EDUCATION,10.99,0.28,4,603,No,1
23,male,Associate,89735,2,RENT,24000,DEBTCONSOLIDATION,10.99,0.27,2,689,No,1
22,male,High School,22364,4,OWN,3000,PERSONAL,7.9,0.13,4,672,No,1
22,female,Master,90780,2,RENT,24000,EDUCATION,12.69,0.26,4,499,No,1
24,male,Bachelor,90889,1,RENT,24000,MEDICAL,10.37,0.26,3,643,No,1
24,male,Bachelor,90911,2,RENT,24000,HOMEIMPROVEMENT,11.01,0.26,3,589,No,1
26,male,Master,83953,2,RENT,24000,DEBTCONSOLIDATION,15.83,0.29,3,646,No,1
23,male,Associate,94644,1,RENT,24000,PERSONAL,13.92,0.25,3,613,No,1
22,female,High School,22616,0,OWN,2000,VENTURE,11.49,0.09,3,567,No,0
24,female,Bachelor,96989,4,RENT,24000,MEDICAL,10.25,0.25,2,603,No,0
22,female,Associate,22867,3,OWN,3500,HOMEIMPROVEMENT,7.49,0.15,4,647,No,1
23,female,Master,22583,1,OWN,4000,EDUCATION,5.99,0.18,2,645,No,1
23,female,Bachelor,90900,0,RENT,24000,PERSONAL,12.92,0.26,2,672,No,1
26,female,Master,107641,6,RENT,24000,PERSONAL,11.58,0.22,3,648,No,0
25,male,High School,114870,4,RENT,24000,EDUCATION,8.9,0.21,2,653,No,0
22,male,Bachelor,100479,0,RENT,24000,DEBTCONSOLIDATION,19.69,0.24,3,590,No,1
25,female,Master,114958,2,RENT,24000,VENTURE,6.54,0.21,4,704,Yes,0
21,female,Master,22882,0,OWN,4900,HOMEIMPROVEMENT,14.54,0.21,4,674,No,1
21,female,Bachelor,22392,0,OWN,5000,EDUCATION,11.11,0.22,2,594,No,1
26,female,High School,120498,5,RENT,24000,PERSONAL,12.73,0.2,4,626,No,0
24,female,Master,132873,2,RENT,24000,VENTURE,15.62,0.18,4,701,Yes,0
24,male,Associate,22635,3,OWN,6250,HOMEIMPROVEMENT,6.54,0.28,4,602,No,1
22,female,Associate,118299,0,RENT,24000,DEBTCONSOLIDATION,11.01,0.2,2,503,No,1
26,female,Associate,125665,5,RENT,24000,DEBTCONSOLIDATION,20,0.19,4,657,No,1
22,female,High School,144904,0,RENT,24000,EDUCATION,9.91,0.17,4,638,No,0
24,female,Bachelor,144882,2,RENT,24000,VENTURE,12.69,0.17,4,646,Yes,0
26,male,Associate,130649,4,RENT,24000,EDUCATION,20,0.18,3,678,No,1
24,male,Master,149622,4,RENT,24000,PERSONAL,16.49,0.16,4,684,Yes,0
23,male,Bachelor,22957,1,MORTGAGE,2500,MEDICAL,15.95,0.11,2,594,No,1
24,male,Master,157225,1,RENT,24000,DEBTCONSOLIDATION,11.49,0.15,3,538,Yes,0
25,female,Bachelor,163004,3,RENT,24000,PERSONAL,10.99,0.15,2,662,No,0
24,male,High School,163035,2,RENT,24000,HOMEIMPROVEMENT,13.79,0.15,2,636,Yes,0
23,male,Master,138731,0,RENT,24000,MEDICAL,20,0.17,3,613,No,1
23,female,Associate,180804,1,RENT,24000,EDUCATION,7.49,0.13,4,573,Yes,0
23,male,Master,166378,0,RENT,24000,DEBTCONSOLIDATION,16,0.14,2,714,No,1
24,male,Associate,22684,0,OWN,13000,PERSONAL,7.88,0.57,3,640,No,1
21,male,Bachelor,22366,0,OWN,6250,VENTURE,10.62,0.28,4,637,No,1
26,female,High School,187161,7,RENT,24000,DEBTCONSOLIDATION,10.99,0.13,4,633,Yes,0
26,male,Bachelor,178439,0,RENT,24000,EDUCATION,18.3,0.13,2,615,No,1
26,male,Bachelor,204962,2,RENT,24000,DEBTCONSOLIDATION,11.01,0.12,2,552,Yes,0
21,male,Bachelor,22673,0,OWN,2500,PERSONAL,11.36,0.11,3,670,Yes,0
24,male,Associate,53633,4,RENT,23975,HOMEIMPROVEMENT,11.01,0.45,2,678,No,1
23,female,Master,144983,2,RENT,23750,MEDICAL,13.47,0.16,2,676,No,0
24,female,High School,67032,2,RENT,23600,PERSONAL,11.89,0.35,3,624,No,1
24,male,High School,22664,0,MORTGAGE,10000,DEBTCONSOLIDATION,12.18,0.44,2,649,No,1
25,male,High School,123299,0,RENT,23600,DEBTCONSOLIDATION,13.49,0.19,4,555,Yes,0
23,female,Associate,91275,0,RENT,23575,PERSONAL,14.5,0.26,4,613,No,1
22,male,Bachelor,22564,1,OWN,4000,MEDICAL,11.01,0.18,2,684,No,1
22,male,Bachelor,22786,0,OWN,5400,MEDICAL,15.31,0.24,2,647,No,1
25,male,High School,22450,4,MORTGAGE,4000,MEDICAL,11.01,0.18,3,580,No,1
21,female,Bachelor,22666,0,OWN,3375,VENTURE,11.01,0.15,2,630,No,1
22,male,Bachelor,81701,1,RENT,23400,VENTURE,7.49,0.29,2,589,No,1
22,male,High School,52984,0,RENT,23000,PERSONAL,11.01,0.43,3,621,No,1
25,female,Master,68579,1,RENT,23000,EDUCATION,11.01,0.34,2,665,No,1
23,female,Bachelor,73014,0,RENT,23000,VENTURE,12.18,0.32,4,668,No,1
24,female,Bachelor,22608,2,MORTGAGE,1200,VENTURE,11.34,0.05,4,615,Yes,0
25,female,High School,76932,2,RENT,23000,EDUCATION,9.91,0.3,3,604,No,1
24,male,High School,78955,1,RENT,23000,HOMEIMPROVEMENT,11.99,0.29,4,620,No,1
23,male,Master,82567,0,RENT,23000,EDUCATION,9.62,0.28,2,558,No,1
22,male,Bachelor,22466,0,OWN,3000,DEBTCONSOLIDATION,9.96,0.13,3,603,No,1
25,male,Bachelor,97251,2,RENT,23000,VENTURE,11.01,0.24,2,683,Yes,0
24,male,Associate,106607,1,RENT,23000,VENTURE,14.54,0.22,2,641,No,1
22,male,Bachelor,71385,0,RENT,22750,MEDICAL,11.36,0.32,4,521,No,1
23,female,Bachelor,84865,3,RENT,22500,DEBTCONSOLIDATION,14.27,0.27,2,655,No,1
24,male,Bachelor,22789,1,OWN,3000,HOMEIMPROVEMENT,11.99,0.13,3,663,No,1
26,female,Bachelor,84801,4,RENT,22500,EDUCATION,18.99,0.27,2,605,No,1
24,male,Bachelor,88421,4,RENT,22400,VENTURE,16.7,0.25,4,708,No,1
24,male,High School,23071,3,MORTGAGE,5000,PERSONAL,9.32,0.22,3,571,No,1
23,male,Bachelor,43042,1,RENT,22250,DEBTCONSOLIDATION,12.69,0.52,3,678,No,1
25,female,High School,53119,1,RENT,22000,HOMEIMPROVEMENT,13.11,0.41,2,597,No,1
25,male,Bachelor,63311,1,RENT,22000,PERSONAL,10.74,0.35,2,689,No,1
21,male,Bachelor,23597,0,MORTGAGE,4200,PERSONAL,14.11,0.18,4,675,No,1
22,female,High School,69308,1,RENT,22000,EDUCATION,9.63,0.32,3,591,No,1
25,female,High School,70598,5,RENT,22000,MEDICAL,14.65,0.31,2,616,No,1
23,female,High School,73044,0,RENT,22000,DEBTCONSOLIDATION,10.25,0.3,4,640,No,1
24,male,Bachelor,73043,0,RENT,22000,VENTURE,14.26,0.3,2,593,No,1
25,female,Bachelor,23627,4,MORTGAGE,3000,EDUCATION,9.91,0.13,2,649,No,1
26,male,Bachelor,68198,4,RENT,22000,MEDICAL,17.19,0.32,3,645,No,1
22,female,High School,85089,0,RENT,22000,EDUCATION,11.36,0.26,4,537,No,1
22,female,Bachelor,80358,0,RENT,22000,EDUCATION,11.01,0.27,2,635,No,1
23,female,Bachelor,90025,0,RENT,22000,DEBTCONSOLIDATION,10.59,0.24,3,640,Yes,0
24,female,Master,93232,2,RENT,22000,EDUCATION,9.25,0.24,2,625,No,0
22,female,Master,23497,0,OWN,3625,MEDICAL,8.49,0.15,3,557,No,1
26,male,Associate,93314,8,RENT,22000,VENTURE,6.54,0.24,3,643,No,0
21,female,Associate,23543,0,OWN,6000,MEDICAL,8.49,0.25,3,631,No,1
24,male,Bachelor,97038,0,RENT,22000,MEDICAL,11.01,0.23,4,653,Yes,0
26,female,Associate,100246,1,RENT,22000,VENTURE,12.69,0.22,2,623,Yes,0
24,female,Bachelor,23667,3,OWN,7400,MEDICAL,13.85,0.31,2,662,No,1
25,male,Associate,23719,2,OWN,4000,DEBTCONSOLIDATION,7.4,0.17,3,667,No,1
23,male,High School,101575,1,RENT,22000,DEBTCONSOLIDATION,11.71,0.22,4,586,No,0
25,female,Master,94168,3,RENT,22000,PERSONAL,11.48,0.23,3,719,No,1
25,male,Master,99394,1,RENT,22000,EDUCATION,17.51,0.22,2,646,No,1
21,male,High School,23504,0,MORTGAGE,3500,DEBTCONSOLIDATION,14.61,0.15,3,646,No,1
23,male,Bachelor,120500,3,RENT,22000,DEBTCONSOLIDATION,7.88,0.18,4,646,No,0
23,female,Bachelor,133195,1,RENT,22000,PERSONAL,11.01,0.17,3,643,Yes,0
22,male,Bachelor,24148,1,MORTGAGE,4950,PERSONAL,11.71,0.2,2,594,No,1
25,male,Bachelor,69353,1,RENT,21700,PERSONAL,11.99,0.31,2,664,No,1
24,male,High School,65946,0,RENT,21600,VENTURE,13.49,0.33,2,605,No,1
23,female,High School,68677,0,RENT,21600,MEDICAL,20,0.31,4,646,No,1
26,female,Associate,76687,3,RENT,21600,DEBTCONSOLIDATION,14.35,0.28,3,655,No,1
22,female,Bachelor,99087,0,RENT,21600,PERSONAL,13.61,0.22,3,597,No,0
22,male,High School,94523,0,RENT,21600,DEBTCONSOLIDATION,11.26,0.23,3,679,No,1
22,female,High School,24092,0,OWN,2400,VENTURE,10.59,0.1,3,654,No,0
24,female,Bachelor,135365,1,RENT,21600,MEDICAL,7.9,0.16,2,556,No,0
24,male,Associate,24420,2,MORTGAGE,7000,HOMEIMPROVEMENT,5.99,0.29,4,694,No,1
25,male,High School,23948,3,OWN,3000,EDUCATION,11.99,0.13,4,587,No,1
24,female,Associate,71718,2,RENT,21500,MEDICAL,16.89,0.3,3,620,No,1
24,female,Master,84999,0,RENT,21500,HOMEIMPROVEMENT,9.99,0.25,3,701,No,1
24,female,High School,140396,4,RENT,21500,EDUCATION,15.33,0.15,3,572,Yes,0
25,male,High School,73404,4,RENT,21450,EDUCATION,7.29,0.29,4,671,No,1
22,male,High School,38473,0,RENT,21250,DEBTCONSOLIDATION,12.42,0.55,3,599,No,1
25,male,Associate,57546,3,RENT,21250,VENTURE,10.99,0.37,2,610,No,1
25,male,Bachelor,62422,4,RENT,21250,VENTURE,6.91,0.34,2,588,No,1
22,male,Bachelor,23993,1,MORTGAGE,5000,DEBTCONSOLIDATION,14.17,0.21,2,691,No,1
22,male,High School,64732,0,RENT,21250,MEDICAL,10.25,0.33,3,645,No,1
26,male,Associate,23955,2,OWN,9250,EDUCATION,11.01,0.39,2,618,No,1
24,male,Bachelor,68154,2,RENT,21250,VENTURE,15.95,0.31,3,672,No,1
24,female,Associate,79138,2,RENT,21250,EDUCATION,15.95,0.27,4,650,No,1
21,male,High School,42536,0,RENT,21000,VENTURE,12.53,0.49,4,687,No,1
22,male,Associate,23888,0,MORTGAGE,1400,HOMEIMPROVEMENT,14.91,0.06,4,535,No,1
23,male,Associate,24013,0,MORTGAGE,3000,MEDICAL,11.01,0.12,4,604,No,1
26,female,Bachelor,48929,6,RENT,21000,MEDICAL,6.54,0.43,4,601,No,1
25,female,Associate,24121,1,OWN,1000,VENTURE,11.01,0.04,3,612,Yes,0
26,male,Bachelor,51379,5,RENT,21000,MEDICAL,17.26,0.41,4,666,No,1
23,male,High School,76364,0,RENT,21000,MEDICAL,11.36,0.27,2,645,No,1
26,male,Bachelor,24297,3,MORTGAGE,4000,VENTURE,7.51,0.16,4,678,No,1
22,female,Bachelor,71599,0,RENT,21000,PERSONAL,10.71,0.29,3,644,No,1
22,male,Associate,85496,1,RENT,21000,PERSONAL,13.98,0.25,4,614,Yes,0
26,female,Associate,79163,3,RENT,21000,DEBTCONSOLIDATION,14.09,0.27,3,627,No,1
22,male,Master,90944,0,RENT,21000,EDUCATION,10,0.23,3,523,Yes,0
22,female,Master,23973,0,MORTGAGE,5000,MEDICAL,15.33,0.21,3,571,No,1
25,female,High School,75181,4,RENT,21000,MEDICAL,16.32,0.28,4,546,No,1
24,female,Associate,95767,2,RENT,21000,HOMEIMPROVEMENT,7.9,0.22,2,640,No,0
23,female,Master,96788,1,RENT,21000,MEDICAL,11.99,0.22,3,648,Yes,0
24,male,High School,101708,2,RENT,21000,MEDICAL,10.75,0.21,4,593,No,0
26,male,Associate,103023,4,RENT,21000,HOMEIMPROVEMENT,13.92,0.2,3,658,Yes,0
22,male,Bachelor,113027,2,RENT,21000,EDUCATION,9.91,0.19,3,701,No,0
26,female,Bachelor,98366,4,RENT,21000,EDUCATION,16.95,0.21,3,702,No,1
26,male,Associate,117668,0,RENT,21000,EDUCATION,7.9,0.18,3,711,Yes,0
26,male,Bachelor,117297,4,RENT,21000,EDUCATION,11.01,0.18,3,570,Yes,0
25,female,Associate,120885,4,RENT,21000,PERSONAL,16.49,0.17,3,637,No,1
26,female,Associate,24183,5,OTHER,7500,PERSONAL,11.97,0.31,2,621,No,1
21,male,High School,23664,1,MORTGAGE,6250,DEBTCONSOLIDATION,6.17,0.26,3,637,No,1
26,male,Associate,150692,7,RENT,21000,HOMEIMPROVEMENT,8.9,0.14,2,534,No,0
25,female,High School,151100,2,RENT,21000,EDUCATION,12.99,0.14,3,577,Yes,0
23,male,Bachelor,99197,1,RENT,20900,PERSONAL,12.69,0.21,2,638,No,0
21,female,Associate,24468,0,MORTGAGE,15000,EDUCATION,9.64,0.61,2,548,No,1
26,female,High School,61015,2,RENT,20500,VENTURE,7.49,0.34,3,676,No,1
23,male,Associate,84845,0,RENT,20500,EDUCATION,13.16,0.24,3,641,No,0
22,female,Associate,24872,0,OWN,2100,EDUCATION,8.38,0.08,4,630,Yes,0
123,female,High School,97140,101,RENT,20400,EDUCATION,10.25,0.21,3,805,Yes,0
23,male,Bachelor,65613,0,RENT,20375,PERSONAL,7.49,0.31,2,518,No,1
26,male,High School,32325,4,RENT,20050,EDUCATION,9.76,0.62,2,652,No,1
24,female,Associate,40881,0,RENT,20000,DEBTCONSOLIDATION,10.99,0.49,3,600,No,1
23,male,Associate,24766,0,OWN,5000,PERSONAL,11.71,0.2,4,649,No,0
22,female,Associate,24995,0,OWN,9250,PERSONAL,10.65,0.37,4,576,Yes,0
24,male,Master,43287,0,RENT,20000,MEDICAL,12.53,0.46,4,600,No,1
25,male,Bachelor,46375,2,RENT,20000,MEDICAL,14.59,0.43,4,654,No,1
23,female,High School,39416,0,RENT,20000,DEBTCONSOLIDATION,12.61,0.51,4,593,No,1
25,male,Associate,46636,2,RENT,20000,MEDICAL,13.11,0.43,2,614,No,1
23,male,Associate,25168,0,MORTGAGE,6400,MEDICAL,10.65,0.25,4,638,No,0
25,male,Bachelor,47473,3,RENT,20000,PERSONAL,11.22,0.42,4,633,No,1
23,female,High School,40632,0,RENT,20000,EDUCATION,16,0.49,2,649,No,1
25,female,Associate,41468,2,RENT,20000,HOMEIMPROVEMENT,8.88,0.48,4,591,No,1
24,male,High School,48897,2,RENT,20000,PERSONAL,12.53,0.41,3,656,No,1
21,male,Bachelor,44226,0,RENT,20000,MEDICAL,11.01,0.45,2,637,No,1
26,male,Bachelor,25012,3,MORTGAGE,4800,MEDICAL,5.99,0.19,3,682,Yes,0
25,male,Associate,51210,4,RENT,20000,EDUCATION,13.47,0.39,4,645,No,1
22,male,High School,51305,1,RENT,20000,VENTURE,6.99,0.39,4,602,No,1
25,male,Bachelor,25295,3,OWN,5650,PERSONAL,15.99,0.22,2,637,Yes,0
23,female,Associate,24930,0,MORTGAGE,3625,EDUCATION,11.01,0.15,3,662,Yes,0
22,male,High School,45716,0,RENT,20000,DEBTCONSOLIDATION,16.69,0.44,3,447,No,1
25,male,Bachelor,46683,3,RENT,20000,MEDICAL,11.11,0.43,4,636,No,1
22,female,Associate,54870,0,RENT,20000,EDUCATION,7.9,0.36,4,631,No,1
23,male,Associate,55291,3,RENT,20000,PERSONAL,10.25,0.36,2,632,No,1
24,female,High School,54919,4,RENT,20000,MEDICAL,11.01,0.36,2,670,No,1
23,female,Bachelor,25141,0,OWN,1200,MEDICAL,7.49,0.05,3,700,No,0
22,male,High School,54899,0,RENT,20000,DEBTCONSOLIDATION,13.92,0.36,3,650,No,1
24,male,Associate,47903,0,RENT,20000,MEDICAL,14.74,0.42,2,665,No,1
24,male,Associate,56744,0,RENT,20000,EDUCATION,10.62,0.35,2,582,No,1
22,male,Associate,58440,0,RENT,20000,VENTURE,10.65,0.34,3,656,No,1
22,female,Associate,51628,0,RENT,20000,PERSONAL,12.99,0.39,3,635,No,1
22,male,High School,58859,1,RENT,20000,VENTURE,11.36,0.34,4,672,No,1
22,female,Associate,24521,0,OWN,7500,EDUCATION,5.79,0.31,4,612,Yes,0
23,female,Master,60235,4,RENT,20000,EDUCATION,6.54,0.33,4,615,No,1
25,female,Master,25654,6,MORTGAGE,4000,VENTURE,5.79,0.16,2,725,No,0
25,female,Bachelor,61114,1,RENT,20000,DEBTCONSOLIDATION,7.49,0.33,3,639,No,1
25,female,Bachelor,60990,1,RENT,20000,EDUCATION,13.43,0.33,2,691,No,1
22,female,Bachelor,61072,0,RENT,20000,DEBTCONSOLIDATION,13.22,0.33,2,681,No,1
22,male,Associate,25229,1,OWN,5000,VENTURE,14.72,0.2,3,604,Yes,0
22,female,Associate,53980,0,RENT,20000,EDUCATION,15.68,0.37,4,688,No,1
24,male,Bachelor,61918,2,RENT,20000,MEDICAL,11.01,0.32,3,672,No,1
25,female,Bachelor,62299,3,RENT,20000,HOMEIMPROVEMENT,11.48,0.32,3,680,No,1
24,male,Master,62192,3,RENT,20000,VENTURE,10.38,0.32,3,640,No,1
22,male,Bachelor,62045,0,RENT,20000,EDUCATION,12.53,0.32,3,629,No,1
22,male,Bachelor,62350,1,RENT,20000,EDUCATION,13.47,0.32,2,677,No,1
24,female,Associate,62508,0,RENT,20000,VENTURE,12.21,0.32,4,571,No,1
25,male,High School,63607,2,RENT,20000,VENTURE,10.99,0.31,3,647,No,1
25,male,Associate,63921,3,RENT,20000,EDUCATION,11.36,0.31,4,568,No,1
22,male,Bachelor,56273,0,RENT,20000,DEBTCONSOLIDATION,16,0.36,4,700,No,1
26,male,Bachelor,24569,4,MORTGAGE,1500,PERSONAL,7.74,0.06,3,570,Yes,0
24,male,High School,63481,3,RENT,20000,EDUCATION,15.65,0.32,2,633,No,1
25,male,High School,56451,0,RENT,20000,DEBTCONSOLIDATION,11.78,0.35,2,646,No,1
24,female,Associate,63897,0,RENT,20000,HOMEIMPROVEMENT,11.01,0.31,3,614,No,1
22,female,High School,57193,0,RENT,20000,MEDICAL,16.77,0.35,3,532,No,1
22,male,Associate,65874,0,RENT,20000,EDUCATION,9.91,0.3,4,617,No,1
23,female,Associate,58705,3,RENT,20000,MEDICAL,15.65,0.34,4,603,No,1
23,male,High School,58236,2,RENT,20000,MEDICAL,14.96,0.34,3,588,No,1
23,male,Associate,65738,0,RENT,20000,VENTURE,11.83,0.3,4,668,No,1
24,male,High School,59765,2,RENT,20000,MEDICAL,11.66,0.33,4,643,No,1
26,male,High School,67019,2,RENT,20000,EDUCATION,12.18,0.3,4,639,No,1
24,female,Associate,67265,2,RENT,20000,HOMEIMPROVEMENT,6.91,0.3,2,525,No,1
25,male,Bachelor,66906,3,RENT,20000,DEBTCONSOLIDATION,6.91,0.3,3,666,No,1
26,female,Associate,59603,7,RENT,20000,HOMEIMPROVEMENT,19.79,0.34,3,642,No,1
25,male,High School,67174,2,RENT,20000,VENTURE,9.88,0.3,4,646,No,1
22,female,Associate,24993,1,MORTGAGE,16600,PERSONAL,9.76,0.66,3,634,Yes,0
23,male,Associate,66844,0,RENT,20000,DEBTCONSOLIDATION,12.53,0.3,2,655,No,1
25,female,Associate,67482,6,RENT,20000,VENTURE,11.01,0.3,4,682,No,1
23,male,High School,24853,0,MORTGAGE,7125,PERSONAL,6.99,0.29,2,631,Yes,0
23,male,Master,69387,2,RENT,20000,EDUCATION,16.89,0.29,2,600,No,1
22,female,High School,62379,0,RENT,20000,PERSONAL,17.49,0.32,4,641,No,1
23,male,Bachelor,24853,0,MORTGAGE,2500,EDUCATION,16.82,0.1,2,524,Yes,0
26,male,Associate,24751,2,MORTGAGE,3600,HOMEIMPROVEMENT,11.01,0.15,2,669,Yes,0
22,female,Associate,70529,1,RENT,20000,DEBTCONSOLIDATION,13.11,0.28,2,593,No,1
23,female,Associate,71255,2,RENT,20000,DEBTCONSOLIDATION,7.66,0.28,3,654,No,1
26,male,Master,71761,3,RENT,20000,MEDICAL,6.17,0.28,3,665,No,1
26,male,Bachelor,64550,8,RENT,20000,PERSONAL,16.35,0.31,4,649,No,1
23,female,Bachelor,72969,1,RENT,20000,MEDICAL,7.9,0.27,2,579,No,1
24,female,Bachelor,66060,4,RENT,20000,VENTURE,16.49,0.3,2,671,No,1
21,male,Bachelor,25666,0,OWN,3550,VENTURE,11.01,0.14,4,693,Yes,0
26,male,Associate,25229,3,MORTGAGE,7000,HOMEIMPROVEMENT,8,0.28,2,626,Yes,0
24,female,Master,72762,6,RENT,20000,PERSONAL,10.99,0.27,2,677,No,1
24,male,Master,25451,3,OWN,7750,VENTURE,6.91,0.3,3,594,No,0
25,female,Bachelor,65742,1,RENT,20000,PERSONAL,8.88,0.3,3,592,No,1
24,male,Bachelor,73352,1,RENT,20000,VENTURE,11.01,0.27,4,583,No,1
23,male,Master,65733,0,RENT,20000,DEBTCONSOLIDATION,14.84,0.3,3,592,No,1
23,male,Associate,65802,3,RENT,20000,PERSONAL,11.12,0.3,2,628,No,1
22,male,Bachelor,72562,1,RENT,20000,EDUCATION,7.88,0.28,3,567,No,1
25,female,Associate,73028,1,RENT,20000,EDUCATION,11.01,0.27,2,654,No,1
22,male,Associate,25537,0,MORTGAGE,6000,EDUCATION,15.99,0.23,4,623,No,0
24,male,Associate,25526,1,MORTGAGE,5500,DEBTCONSOLIDATION,10.99,0.22,4,661,Yes,0
25,male,Bachelor,73266,1,RENT,20000,EDUCATION,11.01,0.27,3,658,No,1
25,male,High School,65555,1,RENT,20000,PERSONAL,15.65,0.31,3,667,No,1
24,female,High School,65678,4,RENT,20000,PERSONAL,17.04,0.3,3,602,No,1
23,female,Bachelor,73286,3,RENT,20000,EDUCATION,12.21,0.27,2,687,No,1
21,male,Associate,25416,1,OWN,1275,EDUCATION,15.23,0.05,3,626,Yes,0
25,female,High School,65967,6,RENT,20000,DEBTCONSOLIDATION,14.11,0.3,4,662,No,1
24,female,High School,73202,1,RENT,20000,PERSONAL,11.14,0.27,2,536,No,1
21,male,Associate,25710,0,OWN,2400,MEDICAL,11.49,0.09,4,623,No,0
24,female,Bachelor,73058,3,RENT,20000,PERSONAL,13.87,0.27,4,647,No,1
26,male,High School,72650,3,RENT,20000,HOMEIMPROVEMENT,10.08,0.28,4,606,No,1
23,male,High School,66301,2,RENT,20000,PERSONAL,16.7,0.3,4,645,No,1
24,male,High School,66951,2,RENT,20000,VENTURE,18.64,0.3,2,632,No,1
24,female,Bachelor,73899,0,RENT,20000,HOMEIMPROVEMENT,12.18,0.27,4,634,No,1
22,male,High School,25644,2,OWN,3800,DEBTCONSOLIDATION,11.01,0.15,3,645,No,0
25,female,High School,75578,2,RENT,20000,MEDICAL,6.54,0.26,3,574,No,1
24,male,High School,68349,3,RENT,20000,EDUCATION,14.61,0.29,4,576,No,1
21,female,Bachelor,68120,0,RENT,20000,VENTURE,17.39,0.29,3,664,No,1
24,male,High School,75484,2,RENT,20000,HOMEIMPROVEMENT,11.12,0.26,2,562,No,1
25,female,Bachelor,75802,2,RENT,20000,VENTURE,11.48,0.26,2,637,No,1
25,female,Master,76733,2,RENT,20000,MEDICAL,12.42,0.26,3,656,No,1
26,male,Bachelor,70484,4,RENT,20000,DEBTCONSOLIDATION,10.25,0.28,2,590,No,1
23,female,Bachelor,78886,1,RENT,20000,MEDICAL,10.65,0.25,3,653,No,1
24,female,Associate,25992,3,OWN,5000,PERSONAL,16.29,0.19,3,612,No,0
23,female,Bachelor,79348,0,RENT,20000,MEDICAL,10.37,0.25,2,703,No,1
23,male,Bachelor,78597,1,RENT,20000,VENTURE,11.49,0.25,3,596,No,1
24,male,High School,26216,0,OWN,10000,VENTURE,10.59,0.38,4,586,Yes,0
25,male,Master,26133,4,OWN,5375,VENTURE,13.49,0.21,2,650,Yes,0
26,female,Bachelor,71856,6,RENT,20000,PERSONAL,11.01,0.28,4,610,No,1
23,male,Master,72259,2,RENT,20000,EDUCATION,12.29,0.28,4,650,No,1
21,female,Bachelor,25869,0,MORTGAGE,3500,DEBTCONSOLIDATION,17.27,0.14,2,579,No,1
26,male,Associate,79098,2,RENT,20000,DEBTCONSOLIDATION,11.99,0.25,2,534,No,1
25,female,Associate,71754,4,RENT,20000,PERSONAL,14.84,0.28,2,540,No,1
23,male,High School,71688,0,RENT,20000,DEBTCONSOLIDATION,10.83,0.28,2,584,No,1
23,female,Associate,79539,5,RENT,20000,DEBTCONSOLIDATION,13.22,0.25,2,584,No,1
22,female,High School,81282,1,RENT,20000,EDUCATION,12.18,0.25,2,639,No,0
23,male,Bachelor,81580,1,RENT,20000,MEDICAL,11.11,0.25,2,607,Yes,0
24,female,Master,81639,4,RENT,20000,HOMEIMPROVEMENT,13.48,0.24,2,681,No,0
26,male,High School,82432,6,RENT,20000,EDUCATION,10.75,0.24,4,710,No,0
25,male,High School,82737,4,RENT,20000,PERSONAL,12.53,0.24,4,634,Yes,0
24,male,High School,75890,2,RENT,20000,DEBTCONSOLIDATION,14.84,0.26,4,595,No,1
23,male,Bachelor,84428,1,RENT,20000,VENTURE,17.74,0.24,2,707,Yes,0
25,male,Bachelor,85061,1,RENT,20000,HOMEIMPROVEMENT,9.99,0.24,2,627,Yes,0
22,male,Bachelor,84791,0,RENT,20000,PERSONAL,6.91,0.24,4,592,Yes,0
25,female,Bachelor,77982,6,RENT,20000,HOMEIMPROVEMENT,11.01,0.26,4,699,No,1
25,male,High School,86325,2,RENT,20000,PERSONAL,14.09,0.23,2,566,Yes,0
22,male,High School,26244,0,MORTGAGE,3000,DEBTCONSOLIDATION,11.49,0.11,3,667,Yes,0
23,female,High School,86183,1,RENT,20000,EDUCATION,14.09,0.23,3,638,No,0
23,female,Associate,67625,0,RENT,20000,MEDICAL,15.2,0.3,4,620,No,1
24,male,High School,87261,1,RENT,20000,MEDICAL,11.83,0.23,2,667,Yes,0
24,female,Bachelor,25826,4,OTHER,6000,PERSONAL,12.21,0.23,2,655,No,0
23,male,Associate,80180,0,RENT,20000,VENTURE,14.11,0.25,3,666,No,1
22,male,High School,80179,0,RENT,20000,DEBTCONSOLIDATION,14.42,0.25,2,655,No,1
24,male,High School,87458,3,RENT,20000,HOMEIMPROVEMENT,14.74,0.23,3,604,Yes,0
24,female,Master,89922,0,RENT,20000,HOMEIMPROVEMENT,12.69,0.22,3,672,Yes,0
22,female,Bachelor,26137,0,MORTGAGE,1625,DEBTCONSOLIDATION,16.89,0.06,3,596,No,1
25,male,High School,91179,0,RENT,20000,DEBTCONSOLIDATION,11.01,0.22,4,658,Yes,0
21,male,Associate,26112,0,MORTGAGE,4500,HOMEIMPROVEMENT,11.01,0.17,2,608,No,1
25,male,Bachelor,26559,2,MORTGAGE,8500,VENTURE,9.63,0.32,4,686,Yes,0
24,female,Associate,91001,0,RENT,20000,HOMEIMPROVEMENT,8.88,0.22,3,687,No,0
26,female,Bachelor,90978,3,RENT,20000,MEDICAL,6.91,0.22,4,652,Yes,0
26,female,Bachelor,90805,4,RENT,20000,EDUCATION,11.01,0.22,3,603,No,0
25,female,Associate,91130,0,RENT,20000,PERSONAL,10.38,0.22,3,622,Yes,0
22,male,High School,83759,1,RENT,20000,DEBTCONSOLIDATION,10.99,0.24,4,660,No,1
22,male,Master,91033,1,RENT,20000,VENTURE,11.01,0.22,2,572,Yes,0
21,female,Bachelor,26887,0,MORTGAGE,7575,PERSONAL,11.01,0.28,3,641,Yes,0
26,female,Bachelor,26792,4,OWN,5200,EDUCATION,12.42,0.19,3,674,No,0
24,male,Bachelor,83573,1,RENT,20000,HOMEIMPROVEMENT,14.82,0.24,4,693,No,1
23,female,Bachelor,91541,4,RENT,20000,PERSONAL,16.32,0.22,3,628,No,0
23,female,Associate,72279,2,RENT,20000,MEDICAL,16,0.28,3,688,No,1
23,male,Associate,92304,0,RENT,20000,MEDICAL,10.37,0.22,3,635,Yes,0
26,male,Master,85207,2,RENT,20000,DEBTCONSOLIDATION,13.16,0.23,3,662,No,1
24,female,Associate,85232,5,RENT,20000,VENTURE,14.88,0.23,4,652,No,1
22,female,Associate,93127,2,RENT,20000,DEBTCONSOLIDATION,13.98,0.21,4,619,Yes,0
26,male,Master,86320,2,RENT,20000,HOMEIMPROVEMENT,13.36,0.23,2,655,No,1
21,female,High School,26946,0,OWN,7125,VENTURE,6.99,0.26,3,653,No,0
22,female,High School,26711,0,MORTGAGE,4025,EDUCATION,5.42,0.15,4,565,Yes,0
24,male,Bachelor,26769,2,MORTGAGE,8000,MEDICAL,5.42,0.3,2,613,Yes,0
26,female,Bachelor,94812,4,RENT,20000,HOMEIMPROVEMENT,13.85,0.21,4,663,No,0
22,female,Associate,27119,0,MORTGAGE,4000,PERSONAL,12.99,0.15,2,540,Yes,0
26,male,Bachelor,27046,5,OWN,4200,MEDICAL,9.99,0.16,3,598,Yes,0
22,female,Bachelor,26902,4,MORTGAGE,1400,VENTURE,11.01,0.05,2,653,Yes,0
123,male,Bachelor,94723,100,RENT,20000,VENTURE,11.01,0.21,4,714,Yes,0
23,female,High School,74473,0,RENT,20000,MEDICAL,11.14,0.27,2,460,No,1
21,male,Bachelor,27072,0,MORTGAGE,3800,DEBTCONSOLIDATION,5.99,0.14,2,643,No,0
24,female,Master,87447,6,RENT,20000,DEBTCONSOLIDATION,11.01,0.23,4,632,No,1
23,female,High School,94310,0,RENT,20000,VENTURE,11.58,0.21,3,578,No,0
23,male,Master,95354,2,RENT,20000,MEDICAL,13.85,0.21,4,642,Yes,0
23,male,Master,96236,0,RENT,20000,EDUCATION,16.89,0.21,4,688,No,0
23,male,Master,96969,2,RENT,20000,MEDICAL,7.9,0.21,4,696,No,0
23,female,Associate,27201,0,OWN,6000,VENTURE,12.68,0.22,4,527,Yes,0
22,male,Associate,76808,0,RENT,20000,MEDICAL,14.91,0.26,4,611,No,1
24,male,High School,97157,0,RENT,20000,VENTURE,13.06,0.21,4,545,Yes,0
25,male,High School,96773,3,RENT,20000,EDUCATION,8.88,0.21,4,644,Yes,0
23,male,Bachelor,26954,0,MORTGAGE,2000,EDUCATION,6.17,0.07,4,511,Yes,0
22,female,High School,96673,1,RENT,20000,EDUCATION,13.98,0.21,4,616,Yes,0
22,male,High School,26872,3,OWN,8500,VENTURE,6.54,0.32,4,656,No,0
26,male,Bachelor,76420,2,RENT,20000,MEDICAL,13.85,0.26,3,656,No,1
26,female,Associate,27097,2,MORTGAGE,1000,HOMEIMPROVEMENT,10.36,0.04,3,581,Yes,0
25,male,High School,89914,7,RENT,20000,PERSONAL,15.95,0.22,4,477,No,1
25,male,Associate,96778,2,RENT,20000,HOMEIMPROVEMENT,14.26,0.21,4,664,No,0
23,female,High School,97783,0,RENT,20000,MEDICAL,11.71,0.2,2,563,Yes,0
22,female,Bachelor,98255,0,RENT,20000,DEBTCONSOLIDATION,13.49,0.2,4,623,Yes,0
24,male,Master,26747,1,MORTGAGE,2000,DEBTCONSOLIDATION,14.84,0.07,2,704,No,1
22,female,Bachelor,99459,0,RENT,20000,EDUCATION,11.01,0.2,2,691,No,0
23,female,Associate,92036,2,RENT,20000,HOMEIMPROVEMENT,15.05,0.22,4,648,No,1
22,male,Master,93070,0,RENT,20000,EDUCATION,13.79,0.21,4,662,No,1
24,female,High School,101201,6,RENT,20000,EDUCATION,13.48,0.2,3,569,No,0
26,female,Bachelor,26764,4,OWN,3000,VENTURE,6.76,0.11,2,642,No,0
23,male,Master,102232,1,RENT,20000,PERSONAL,11.11,0.2,4,663,Yes,0
25,female,Bachelor,101849,3,RENT,20000,EDUCATION,13.92,0.2,2,627,Yes,0
23,female,Bachelor,26678,1,OWN,4400,EDUCATION,12.53,0.16,2,610,Yes,0
21,male,Bachelor,27041,0,MORTGAGE,10000,DEBTCONSOLIDATION,11.14,0.37,2,534,Yes,0
24,female,Master,95807,5,RENT,20000,HOMEIMPROVEMENT,14.11,0.21,2,678,No,1
23,female,Bachelor,103275,0,RENT,20000,MEDICAL,7.49,0.19,2,597,Yes,0
25,male,High School,103166,3,RENT,20000,DEBTCONSOLIDATION,10.25,0.19,3,653,Yes,0
26,male,Bachelor,88672,2,RENT,20000,PERSONAL,12.53,0.23,2,571,No,1
21,female,High School,27289,0,MORTGAGE,1500,PERSONAL,11.86,0.05,3,659,Yes,0
23,male,Bachelor,27174,0,OWN,9000,VENTURE,7.88,0.33,3,619,Yes,0
25,female,Associate,102975,0,RENT,20000,HOMEIMPROVEMENT,11.01,0.19,2,663,No,0
24,male,Associate,27558,0,MORTGAGE,4000,VENTURE,11.01,0.15,2,621,Yes,0
22,female,Associate,105649,1,RENT,20000,DEBTCONSOLIDATION,13.85,0.19,4,575,Yes,0
23,male,High School,27887,0,OWN,6000,PERSONAL,13.23,0.22,4,477,Yes,0
22,female,Associate,109017,1,RENT,20000,PERSONAL,11.01,0.18,4,639,Yes,0
23,male,High School,94566,1,RENT,20000,HOMEIMPROVEMENT,18.25,0.21,2,611,No,1
24,female,Bachelor,109178,1,RENT,20000,DEBTCONSOLIDATION,6.54,0.18,3,630,No,0
23,male,Master,108836,0,RENT,20000,MEDICAL,11.49,0.18,4,560,Yes,0
26,male,Master,109089,5,RENT,20000,MEDICAL,11.49,0.18,3,537,Yes,0
22,female,Bachelor,27472,1,MORTGAGE,7000,EDUCATION,11.71,0.25,2,694,No,0
23,male,Master,109061,0,RENT,20000,DEBTCONSOLIDATION,13.57,0.18,4,657,Yes,0
25,male,High School,110319,1,RENT,20000,EDUCATION,14.35,0.18,3,572,Yes,0
26,male,Bachelor,27309,1,MORTGAGE,3825,DEBTCONSOLIDATION,10.65,0.14,4,618,Yes,0
22,female,Bachelor,111365,1,RENT,20000,VENTURE,15.65,0.18,2,649,No,0
22,male,Associate,27358,0,MORTGAGE,6500,VENTURE,11.01,0.24,4,496,Yes,0
25,female,Bachelor,27570,0,MORTGAGE,5875,EDUCATION,6.62,0.21,2,680,No,1
25,male,Associate,111834,1,RENT,20000,MEDICAL,9.25,0.18,2,606,Yes,0
22,male,High School,27122,2,MORTGAGE,2400,MEDICAL,11.71,0.09,3,612,Yes,0
24,male,Bachelor,27730,0,MORTGAGE,8000,PERSONAL,5.42,0.29,4,477,Yes,0
26,female,Bachelor,113057,0,RENT,20000,DEBTCONSOLIDATION,9.45,0.18,4,606,Yes,0
23,male,Bachelor,27666,0,MORTGAGE,1550,DEBTCONSOLIDATION,7.49,0.06,2,658,No,1
22,male,Associate,114267,0,RENT,20000,PERSONAL,11.01,0.18,2,602,Yes,0
23,male,Bachelor,100420,4,RENT,20000,DEBTCONSOLIDATION,11.01,0.2,2,571,No,1
23,male,High School,115130,4,RENT,20000,EDUCATION,10.99,0.17,2,701,No,0
24,female,Bachelor,114976,3,RENT,20000,HOMEIMPROVEMENT,11.01,0.17,3,665,No,0
21,male,Bachelor,27648,0,OWN,7350,VENTURE,7.66,0.27,2,635,Yes,0
23,female,Bachelor,116295,0,RENT,20000,MEDICAL,13.04,0.17,3,643,Yes,0
22,male,Associate,27385,3,MORTGAGE,7200,PERSONAL,7.14,0.26,2,636,No,0
22,female,Associate,103798,0,RENT,20000,VENTURE,15.65,0.19,4,645,No,1
22,female,Bachelor,118565,0,RENT,20000,EDUCATION,11.83,0.17,4,575,Yes,0
24,female,Bachelor,27463,0,OWN,3000,DEBTCONSOLIDATION,16,0.11,2,647,Yes,0
23,male,Associate,120368,0,RENT,20000,EDUCATION,15.28,0.17,4,569,Yes,0
21,female,Bachelor,27493,2,OWN,4000,DEBTCONSOLIDATION,15.05,0.15,4,528,No,0
22,male,Master,27178,0,OWN,8500,DEBTCONSOLIDATION,15.05,0.31,4,626,No,0
24,female,Master,120691,2,RENT,20000,HOMEIMPROVEMENT,14.22,0.17,3,664,No,0
25,female,High School,106741,1,RENT,20000,HOMEIMPROVEMENT,16.35,0.19,3,650,No,1
26,male,Associate,27124,2,OWN,7500,VENTURE,10.96,0.28,2,600,Yes,0
25,female,High School,121016,0,RENT,20000,HOMEIMPROVEMENT,13.06,0.17,2,672,No,0
25,male,Bachelor,120866,1,RENT,20000,HOMEIMPROVEMENT,13.06,0.17,2,563,Yes,0
25,female,Bachelor,27635,2,OWN,7500,VENTURE,11.01,0.27,3,665,No,0
23,female,High School,27475,4,MORTGAGE,6700,EDUCATION,11.01,0.24,4,605,Yes,0
22,male,High School,90648,0,RENT,20000,MEDICAL,14.96,0.22,4,653,No,1
23,male,Associate,90887,2,RENT,20000,MEDICAL,17.04,0.22,2,685,No,1
22,male,Bachelor,121236,0,RENT,20000,PERSONAL,12.21,0.16,3,580,Yes,0
25,male,Associate,27780,1,MORTGAGE,6400,PERSONAL,7.88,0.23,4,672,Yes,0
26,male,Master,27364,0,OWN,5400,PERSONAL,5.42,0.2,3,646,No,0
26,male,Bachelor,125803,6,RENT,20000,DEBTCONSOLIDATION,10.74,0.16,2,636,Yes,0
23,female,Associate,112700,0,RENT,20000,PERSONAL,13.22,0.18,3,559,No,1
23,female,Bachelor,114961,1,RENT,20000,DEBTCONSOLIDATION,14.59,0.17,2,654,No,1
25,male,Associate,130715,5,RENT,20000,HOMEIMPROVEMENT,11.01,0.15,4,632,No,0
25,male,Bachelor,117215,2,RENT,20000,PERSONAL,11.01,0.17,3,672,No,1
23,male,High School,132975,1,RENT,20000,EDUCATION,12.42,0.15,3,630,No,0
22,male,Bachelor,132669,0,RENT,20000,EDUCATION,14.17,0.15,3,476,Yes,0
22,female,High School,132809,0,RENT,20000,DEBTCONSOLIDATION,13.72,0.15,3,691,Yes,0
24,male,Associate,133069,2,RENT,20000,PERSONAL,10.38,0.15,4,672,Yes,0
23,male,Associate,133031,0,RENT,20000,VENTURE,11.01,0.15,2,709,No,0
22,female,Associate,28529,1,MORTGAGE,2000,PERSONAL,7.51,0.07,3,521,Yes,0
22,female,Associate,28518,0,MORTGAGE,7125,HOMEIMPROVEMENT,11.71,0.25,3,564,No,1
23,male,High School,28149,0,MORTGAGE,3000,PERSONAL,8.9,0.11,2,626,No,1
25,female,Master,103168,1,RENT,20000,MEDICAL,17.39,0.19,2,662,No,1
23,female,Bachelor,28372,0,MORTGAGE,4800,PERSONAL,5.79,0.17,2,667,No,0
22,male,High School,28527,2,MORTGAGE,8300,PERSONAL,12.61,0.29,2,690,No,1
23,male,High School,145007,1,RENT,20000,MEDICAL,10.37,0.14,4,628,Yes,0
24,male,Bachelor,27861,0,OWN,4750,HOMEIMPROVEMENT,11.36,0.17,3,562,Yes,0
24,female,Associate,146157,0,RENT,20000,VENTURE,8.9,0.14,3,670,No,0
23,female,Associate,150985,0,RENT,20000,VENTURE,11.11,0.13,4,602,No,0
22,male,High School,28613,0,MORTGAGE,3000,EDUCATION,8.94,0.1,2,595,Yes,0
25,male,Associate,157396,3,RENT,20000,PERSONAL,15.27,0.13,2,687,No,0
26,female,Bachelor,156668,3,RENT,20000,DEBTCONSOLIDATION,13.11,0.13,4,668,Yes,0
23,male,Bachelor,28773,0,MORTGAGE,6000,EDUCATION,16,0.21,2,657,Yes,0
24,female,High School,160903,0,RENT,20000,EDUCATION,12.36,0.12,2,527,Yes,0
22,male,Associate,28257,0,MORTGAGE,10625,DEBTCONSOLIDATION,7.51,0.38,4,524,Yes,0
21,female,High School,28410,0,MORTGAGE,7000,MEDICAL,8.9,0.25,3,606,Yes,0
25,male,Master,168862,0,RENT,20000,EDUCATION,6.54,0.12,4,546,Yes,0
24,female,Master,166817,2,RENT,20000,VENTURE,15.99,0.12,3,681,No,1
23,male,High School,28492,2,MORTGAGE,3600,HOMEIMPROVEMENT,17.27,0.13,3,502,No,1
26,male,Master,178602,6,RENT,20000,DEBTCONSOLIDATION,17.99,0.11,3,604,No,1
22,male,Bachelor,193248,0,RENT,20000,PERSONAL,7.49,0.1,4,599,Yes,0
22,male,Associate,27969,0,MORTGAGE,4800,DEBTCONSOLIDATION,10,0.17,4,644,Yes,0
26,female,High School,193076,4,RENT,20000,HOMEIMPROVEMENT,9.99,0.1,3,660,Yes,0
26,female,Bachelor,202337,2,RENT,20000,VENTURE,11.36,0.1,4,652,No,0
26,female,Bachelor,208059,4,RENT,20000,HOMEIMPROVEMENT,11.83,0.1,2,615,No,0
21,female,Bachelor,28786,0,MORTGAGE,3000,DEBTCONSOLIDATION,13.35,0.1,3,638,Yes,0
25,male,Bachelor,210999,2,RENT,20000,DEBTCONSOLIDATION,14.72,0.09,2,680,Yes,0
25,male,High School,28595,2,MORTGAGE,4400,HOMEIMPROVEMENT,6.76,0.15,2,611,No,0
25,female,Associate,70930,0,RENT,19900,MEDICAL,11.83,0.28,4,578,No,1
26,female,Master,140072,0,RENT,19800,MEDICAL,11.48,0.14,4,617,Yes,0
26,male,Master,24756,8,RENT,500,MEDICAL,11.41,0.02,2,659,No,0
25,male,High School,28644,4,MORTGAGE,10000,PERSONAL,11.01,0.35,2,570,No,1
21,female,Bachelor,23899,1,RENT,700,EDUCATION,12.29,0.03,2,658,Yes,0
22,female,Master,28752,0,MORTGAGE,7000,EDUCATION,14.96,0.24,3,484,Yes,0
25,male,High School,23980,6,RENT,750,DEBTCONSOLIDATION,12.29,0.03,4,645,Yes,0
23,male,Associate,13059,0,RENT,1000,PERSONAL,10.37,0.08,2,541,No,1
22,female,High School,13021,1,RENT,1000,HOMEIMPROVEMENT,14.74,0.08,4,610,No,1
21,female,Master,13197,1,RENT,1000,HOMEIMPROVEMENT,13.43,0.08,4,722,No,1
22,male,High School,29111,0,MORTGAGE,2400,EDUCATION,9.63,0.08,4,668,No,0
21,male,Associate,28319,0,OTHER,2400,EDUCATION,12.21,0.08,4,628,Yes,0
23,female,Master,13817,1,RENT,1000,MEDICAL,10.25,0.07,2,667,No,1
22,male,Associate,14763,0,RENT,1000,MEDICAL,12.99,0.07,4,540,Yes,0
22,female,Bachelor,15248,0,RENT,1000,VENTURE,13.98,0.07,4,547,Yes,0
23,female,Bachelor,15553,3,RENT,1000,DEBTCONSOLIDATION,14.65,0.06,3,602,Yes,0
25,male,Bachelor,15255,2,RENT,1000,EDUCATION,10.65,0.07,2,611,No,0
21,male,Associate,14997,0,RENT,1000,EDUCATION,13.98,0.07,2,669,Yes,0
22,male,High School,15102,1,RENT,1000,PERSONAL,13.57,0.07,3,559,No,1
22,female,Bachelor,16077,3,RENT,1000,PERSONAL,14.96,0.06,3,642,No,1
24,male,Bachelor,17683,0,RENT,1000,DEBTCONSOLIDATION,10,0.06,4,562,No,1
21,male,High School,18221,0,RENT,1000,VENTURE,16.29,0.05,4,559,No,1
23,female,Bachelor,28684,1,OWN,2000,VENTURE,11.11,0.07,3,591,No,0
21,female,High School,28348,0,OWN,5000,VENTURE,11.01,0.18,3,506,Yes,0
22,male,Associate,18290,2,RENT,1000,VENTURE,16.69,0.05,3,623,No,1
21,male,Associate,28367,0,OWN,15000,EDUCATION,8.94,0.53,2,600,Yes,0
22,male,Associate,18923,0,RENT,1000,MEDICAL,14.3,0.05,3,599,No,1
21,male,Bachelor,20259,0,RENT,1000,VENTURE,15.65,0.05,3,604,No,1
24,male,Bachelor,21414,3,RENT,1000,VENTURE,11.49,0.05,3,619,Yes,0
22,female,Associate,20953,0,RENT,1000,EDUCATION,13.48,0.05,4,665,Yes,0
24,male,Bachelor,24085,3,RENT,1000,EDUCATION,12.53,0.04,4,655,Yes,0
23,female,High School,48233,2,RENT,19000,EDUCATION,10.62,0.39,2,606,No,1
22,male,Associate,48844,0,RENT,19000,VENTURE,12.18,0.39,3,562,No,1
25,female,Master,57272,1,RENT,19000,MEDICAL,11.99,0.33,2,648,No,1
25,male,Bachelor,61342,1,RENT,19000,HOMEIMPROVEMENT,10.99,0.31,4,645,No,1
25,male,Bachelor,63600,0,RENT,19000,MEDICAL,11.01,0.3,4,610,No,1
24,male,High School,29212,1,MORTGAGE,7000,DEBTCONSOLIDATION,10.38,0.24,3,607,Yes,0
26,male,High School,57891,2,RENT,19000,PERSONAL,16.7,0.33,4,649,No,1
25,male,Bachelor,65799,2,RENT,19000,DEBTCONSOLIDATION,11.01,0.29,4,640,No,1
22,male,Master,66071,0,RENT,19000,VENTURE,11.01,0.29,4,664,No,1
23,female,Associate,66303,3,RENT,19000,PERSONAL,11.14,0.29,2,611,No,1
26,male,Bachelor,75656,7,RENT,19000,MEDICAL,7.49,0.25,2,621,No,1
22,female,High School,84974,1,RENT,19000,MEDICAL,8.88,0.22,4,589,Yes,0
23,female,Master,87479,3,RENT,19000,MEDICAL,10.99,0.22,4,671,Yes,0
24,female,Bachelor,88452,0,RENT,19000,HOMEIMPROVEMENT,10.62,0.21,3,653,No,0
23,male,Bachelor,94830,0,RENT,19000,VENTURE,8.9,0.2,2,642,Yes,0
25,female,Bachelor,29498,6,MORTGAGE,6000,MEDICAL,14.59,0.2,2,664,No,1
22,male,Bachelor,29756,1,OWN,2500,VENTURE,9.91,0.08,2,592,Yes,0
26,male,Associate,116006,3,RENT,19000,PERSONAL,13.22,0.16,2,663,No,0
24,male,High School,126727,0,RENT,19000,HOMEIMPROVEMENT,12.29,0.15,2,582,Yes,0
24,female,High School,210705,0,RENT,19000,PERSONAL,11.48,0.09,3,655,No,0
26,male,Bachelor,61142,1,RENT,18950,PERSONAL,11.01,0.31,3,632,No,1
26,female,Associate,67267,2,RENT,18800,DEBTCONSOLIDATION,6.99,0.28,2,505,No,1
22,female,Bachelor,84840,4,RENT,18750,DEBTCONSOLIDATION,10.38,0.22,2,661,Yes,0
22,male,Bachelor,44761,0,RENT,18725,VENTURE,6.54,0.42,3,667,No,1
22,male,High School,52878,0,RENT,18550,DEBTCONSOLIDATION,11.83,0.35,4,694,No,1
24,male,Associate,29659,4,OWN,7100,VENTURE,12.42,0.24,3,641,No,0
24,male,Bachelor,42042,0,RENT,18500,MEDICAL,10.71,0.44,2,640,No,1
21,male,Associate,44065,0,RENT,18500,EDUCATION,10.91,0.42,3,690,No,1
22,male,Master,46436,0,RENT,18500,MEDICAL,7.66,0.4,4,673,No,1
25,female,High School,67957,6,RENT,18500,DEBTCONSOLIDATION,13.61,0.27,3,619,No,1
23,male,Associate,90359,3,RENT,18500,EDUCATION,11.26,0.2,3,697,Yes,0
25,male,Associate,90794,1,RENT,18500,EDUCATION,7.49,0.2,3,608,Yes,0
24,male,Master,88481,1,RENT,18500,HOMEIMPROVEMENT,7.9,0.21,2,605,No,1
22,female,Bachelor,29833,1,OWN,8000,MEDICAL,9.91,0.27,2,592,No,0
21,male,Associate,29833,0,MORTGAGE,3000,VENTURE,7.9,0.1,4,642,Yes,0
24,male,Bachelor,94624,1,RENT,18500,VENTURE,15.33,0.2,2,692,No,1
26,male,High School,174957,3,RENT,18500,EDUCATION,12.87,0.11,3,584,No,0
22,male,Associate,29781,2,MORTGAGE,5000,EDUCATION,7.9,0.17,2,598,Yes,0
22,female,Associate,59476,3,RENT,18400,PERSONAL,13.16,0.31,2,653,No,1
22,female,Bachelor,61014,0,RENT,18400,DEBTCONSOLIDATION,9.99,0.3,2,649,No,1
23,male,High School,145076,0,RENT,18400,PERSONAL,8.9,0.13,2,674,Yes,0
22,male,High School,29823,0,MORTGAGE,5000,VENTURE,14.65,0.17,4,655,No,1
25,female,High School,29628,0,MORTGAGE,6000,DEBTCONSOLIDATION,13.49,0.2,3,636,Yes,0
22,female,High School,42149,1,RENT,18250,VENTURE,10.25,0.43,3,571,No,1
24,female,Bachelor,42910,1,RENT,18250,PERSONAL,11.49,0.43,4,631,No,1
25,female,Master,42253,3,RENT,18250,VENTURE,17.04,0.43,3,587,No,1
23,male,Master,52308,0,RENT,18250,MEDICAL,10.25,0.35,3,657,No,1
22,male,Master,29875,0,MORTGAGE,1300,VENTURE,5.42,0.04,3,687,No,0
22,female,Bachelor,45672,0,RENT,18250,PERSONAL,14.61,0.4,2,561,No,1
24,female,High School,56134,0,RENT,18250,VENTURE,13.35,0.33,4,684,No,1
25,female,Bachelor,29750,0,MORTGAGE,5800,DEBTCONSOLIDATION,5.99,0.19,3,639,No,0
23,female,High School,56040,0,RENT,18250,PERSONAL,10.75,0.33,2,590,No,1
25,female,Bachelor,56207,0,RENT,18250,DEBTCONSOLIDATION,14.26,0.32,3,610,No,1
25,female,High School,67109,1,RENT,18250,VENTURE,17.56,0.27,2,594,No,1
25,male,Associate,59820,1,RENT,18250,VENTURE,14.83,0.31,3,609,No,1
22,female,High School,60829,1,RENT,18250,DEBTCONSOLIDATION,16.7,0.3,3,633,No,1
23,female,Associate,60902,0,RENT,18225,VENTURE,10.74,0.3,2,685,No,1
26,female,Associate,53842,3,RENT,18225,HOMEIMPROVEMENT,14.91,0.34,4,663,No,1
24,female,High School,43839,1,RENT,18200,VENTURE,8.88,0.42,4,562,No,1
25,male,Associate,44695,3,RENT,18200,PERSONAL,9.91,0.41,4,647,No,1
22,male,Associate,44500,0,RENT,18200,DEBTCONSOLIDATION,11.71,0.41,3,601,No,1
24,male,Bachelor,66842,3,RENT,18200,EDUCATION,10.99,0.27,2,639,No,1
23,male,Associate,33227,0,RENT,18000,VENTURE,11.54,0.54,4,679,No,1
23,female,Bachelor,29733,0,OWN,8000,EDUCATION,15.62,0.27,2,639,No,0
23,female,Bachelor,41153,3,RENT,18000,VENTURE,9.91,0.44,4,662,No,1
21,female,Bachelor,44105,0,RENT,18000,PERSONAL,9.88,0.41,3,654,No,1
21,male,Bachelor,38061,1,RENT,18000,EDUCATION,13.48,0.47,4,693,No,1
23,male,Master,48706,0,RENT,18000,EDUCATION,9.25,0.37,4,662,No,1
25,male,Master,48986,3,RENT,18000,MEDICAL,13.11,0.37,3,675,No,1
22,female,High School,29645,0,MORTGAGE,5000,DEBTCONSOLIDATION,10.99,0.17,4,624,Yes,0
25,female,Bachelor,51103,4,RENT,18000,VENTURE,6.17,0.35,2,642,No,1
24,female,Associate,30073,2,MORTGAGE,8000,MEDICAL,5.99,0.27,4,689,Yes,0
24,male,Bachelor,29678,1,OWN,2400,EDUCATION,7.49,0.08,2,603,Yes,0
24,female,High School,52304,0,RENT,18000,DEBTCONSOLIDATION,11.03,0.34,2,487,No,1
24,female,High School,52468,4,RENT,18000,MEDICAL,7.9,0.34,2,608,No,1
22,female,High School,53665,0,RENT,18000,EDUCATION,13.57,0.34,4,664,No,1
24,female,Master,53603,0,RENT,18000,VENTURE,12.18,0.34,2,660,No,1
25,female,Associate,47902,2,RENT,18000,MEDICAL,17.19,0.38,3,654,No,1
22,male,High School,57121,0,RENT,18000,MEDICAL,15.23,0.32,2,672,No,1
22,male,High School,58364,0,RENT,18000,EDUCATION,11.01,0.31,2,591,No,1
24,male,Associate,51764,0,RENT,18000,HOMEIMPROVEMENT,14.46,0.35,3,618,No,1
24,female,Bachelor,29776,4,OWN,4200,VENTURE,6.99,0.14,3,614,Yes,0
24,female,Bachelor,53028,2,RENT,18000,DEBTCONSOLIDATION,16.63,0.34,2,709,No,1
24,female,Master,61117,0,RENT,18000,MEDICAL,12.42,0.29,4,674,No,1
24,female,Bachelor,61070,1,RENT,18000,VENTURE,7.9,0.29,4,628,No,1
23,female,Bachelor,29966,1,MORTGAGE,5000,MEDICAL,15.99,0.17,2,673,No,1
23,female,Bachelor,29640,3,OWN,4200,PERSONAL,10.99,0.14,4,595,Yes,0
26,female,High School,60841,7,RENT,18000,EDUCATION,13.11,0.3,3,651,No,1
22,female,High School,60669,0,RENT,18000,VENTURE,13.79,0.3,2,618,No,1
22,male,Master,29540,0,OWN,2500,EDUCATION,10.59,0.08,2,620,Yes,0
22,female,Master,63084,0,RENT,18000,EDUCATION,11.01,0.29,4,641,No,1
22,female,Master,29906,0,OWN,6000,MEDICAL,12.68,0.2,4,638,No,0
25,male,Bachelor,63657,4,RENT,18000,VENTURE,12.98,0.28,4,572,No,1
22,female,Master,63459,2,RENT,18000,VENTURE,13.85,0.28,4,683,No,1
25,male,Associate,63913,3,RENT,18000,VENTURE,12.21,0.28,2,647,No,1
22,female,Bachelor,57005,0,RENT,18000,DEBTCONSOLIDATION,10.71,0.32,3,554,No,1
24,female,High School,58556,0,RENT,18000,PERSONAL,6.54,0.31,2,634,No,1
23,male,High School,30483,0,OWN,8000,PERSONAL,5.79,0.26,3,574,Yes,0
25,female,Associate,67108,3,RENT,18000,EDUCATION,12.84,0.27,2,594,No,1
